"","X","id","id_spp","id_process","E","E_std","lnB0_sch","lnB0_SE_sch","lnB0Bug","E_D_sch","E_D_SE_sch","T_h_sch","T_h_SE_sch","T_pk_sch","P_pk_sch","P_pkBug","AIC_sch","r_sq_sch","AftPk","BefPk","MinVal","B0_renorm10","habitat","ConKingdom","ConPhylum","ConClass","ConOrder","ConFamily","ConGenus","ConSpecies","TaxonomicGroup","Trophy"
"81",269,"MTD3720","Zostera marina","respiration rate",0.278289521476675,0.0607373949549411,0.666747833331788,2.4681091518896,FALSE,17.5123227814224,86664.7848756875,302.00403667186,3392.35248419501,298.15,-10.1614176133701,FALSE,-7.60827319953113,0.965267388690789,1,4,NA,2.1768605150272e-05,"Aquatic","Plantae","Streptophyta","Liliopsida","Alismatales","Zosteraceae","Zostera","marina","Vascular Plants","Autotroph"
"3",188,"MTD3164","Cladophora glomerata","respiration rate",0.451469568633217,0.0716714131776967,26.5320843012371,2.91272654209087,FALSE,4.20715220020664,5222231.41465749,350,453482427.376672,308.15,9.53560208917966,FALSE,1.94826129723264,0.989011127990959,0,7,NA,3086.95814924965,"Aquatic","Plantae","Chlorophyta","Ulvophyceae","Cladophorales","Cladophoraceae","Cladophora","glomerata","Green Algae","Autotroph"
"10",195,"MTD3278","Koliella antarctica","respiration rate",0.304739961925844,0.0470062559579315,-4.85689792538705,1.89498690905431,FALSE,6.84114906455874,46.9705527845118,305.741504883283,8.26008836718544,303.15,-16.5237262902448,FALSE,-7.95978904623469,0.975860312014688,1,5,NA,2.93965791929965e-08,"Aquatic","Plantae","Streptophyta","Klebsormidiophyceae","Klebsormidiales","Klebsormidiaceae","Koliella","antarctica","Green Algae","Autotroph"
"11",196,"MTD3280","Chlorella saccharophila","respiration rate",0.644355361953032,0.131379788858083,9.19548746623572,5.40520380589838,FALSE,1.69549255718009,0.432618306338531,299.314170130325,1.40362453615292,298.15,-16.2643544280759,FALSE,-5.08179567562869,0.925517428578451,1,5,NA,3.32681564310641e-08,"Aquatic","Plantae","Chlorophyta","Trebouxiophyceae","Chlorellales","Chlorellaceae","Chlorella","saccharophila","Green Algae","Autotroph"
"12",197,"MTD3282","Chlorella sorokiniana","respiration rate",1.04459781198116,0.273184103579665,22.4624370537403,11.0901024169831,FALSE,1.56145898539368,0.596262756661329,308.625600759743,3.83111810560485,308.15,-17.9094706069212,FALSE,1.8064118690203,0.894868101066793,1,5,NA,1.45833245305843e-09,"Aquatic","Plantae","Chlorophyta","Trebouxiophyceae","Chlorellales","Chlorellaceae","Chlorella","sorokiniana","Green Algae","Autotroph"
"58",245,"MTD3540","Chondrus crispus","respiration rate",0.51705676236374,0.0728188359644986,0.524508456038805,2.99722478151047,FALSE,1.36344429904676,0.142932395537805,300.392176253244,1.25563605876234,297.94504,-19.9417624119663,FALSE,-12.9249625271957,0.925733211614986,4,8,NA,1.03979056807572e-09,"Aquatic","Plantae","Rhodophyta","Florideophyceae","Gigartinales","Gigartinaceae","Chondrus","crispus","Red Algae","Autotroph"
"14",199,"MTD3330","Gigartina stellata","respiration rate",1.44550563631832,0.997832488206387,44.7373745851732,43.1917987793119,FALSE,1.44555907276604,1.74490106798226,343.904900953042,120393.241253847,305.032786,-14.2473536059241,FALSE,12.1454460834565,0.733653222842237,0,5,NA,2.88362174926083e-07,"Aquatic","Plantae","Rhodophyta","Florideophyceae","Gigartinales","Gigartinaceae","Gigartina","stellata","Red Algae","Autotroph"
"15",200,"MTD3335","Egeria densa","respiration rate",1.70310524153647,0.989277005303367,59.0228838521399,39.8406089343983,FALSE,2.29513389053077,0.559929104424897,297.835221496116,1.55701009671799,297.15,-8.67366456709676,FALSE,-4.94054502301515,0.937681699578515,2,2,NA,2.0760129474097e-05,"Aquatic","Plantae","Streptophyta","Liliopsida","Alismatales","Hydrocharitaceae","Egeria","densa","Vascular Plants","Autotroph"
"16",201,"MTD3336","Hydrilla verticillata","respiration rate",1.15511427003426,11.1496781810702,37.9325337673808,459.303537242655,FALSE,1.15531742561094,9.38699393280896,350,80580.4016316928,305.091456,-9.04722357677608,FALSE,-2.31803169093365,0.787111068953877,0,4,NA,4.97462179112532e-05,"Aquatic","Plantae","Streptophyta","Liliopsida","Alismatales","Hydrocharitaceae","Hydrilla","verticillata","Vascular Plants","Autotroph"
"18",203,"MTD3369","Eucheuma isiforme","respiration rate",0.769287580493652,0.188074484847753,10.2357826744701,7.46028794301972,FALSE,10.3560901373149,887.245984006628,306.958727889351,109.640861504383,303.26344,-19.192942318508,FALSE,8.75323122429796,0.874115992880411,2,5,NA,5.71549482569443e-10,"Aquatic","Plantae","Rhodophyta","Florideophyceae","Gigartinales","Solieriaceae","Eucheuma","isiforme","Red Algae","Autotroph"
"19",204,"MTD3370","Eucheuma nudum","respiration rate",1.91325256818523,0.756642536783301,56.8146130347702,30.2496166595274,FALSE,3.23678108919822,3.45691845099787,304.733095694108,3.42851327928418,303.127608,-16.9681834869009,FALSE,24.343020727669,0.910770493680043,1,6,NA,4.27397361775043e-10,"Aquatic","Plantae","Rhodophyta","Florideophyceae","Gigartinales","Solieriaceae","Eucheuma","nudum","Red Algae","Autotroph"
"20",205,"MTD3371","Eucheuma acanthocladum","respiration rate",0.649110187406511,0.145829630293602,6.77571375308147,5.81575861085071,FALSE,5.87494607292022,12.8455057260009,304.230392920174,7.42083112015723,302.286196,-18.1643631983357,FALSE,0.867992432270281,0.970663412123921,1,5,NA,2.47022771624366e-09,"Aquatic","Plantae","Rhodophyta","Florideophyceae","Gigartinales","Solieriaceae","Eucheuma","acanthocladum","Red Algae","Autotroph"
"21",206,"MTD3372","Eucheuma gelidium","respiration rate",1.27466066653119,0.293470501578871,30.3684917598923,11.6390696285901,FALSE,25.1078571359748,28939009.8715771,307.75159992117,1156169.84372913,303.188645,-18.403937438641,FALSE,15.9259356836168,0.954489999504393,1,6,NA,3.22285666858768e-10,"Aquatic","Plantae","Rhodophyta","Florideophyceae","Gelidiales","Gelidiaceae","Eucheuma","gelidium","Red Algae","Autotroph"
"22",209,"MTD3400","Elodea canadensis","respiration rate",0.724236008891336,0.287973080582166,3.05446401091808,11.674682249518,FALSE,1.95131881277516,1.62011733916796,303.104957028147,2.1655949142921,303.074301,-25.1285521144445,FALSE,1.99614922972379,0.917397422158621,2,3,NA,2.74501695140811e-12,"Aquatic","Plantae","Streptophyta","Liliopsida","Alismatales","Hydrocharitaceae","Elodea","canadensis","Vascular Plants","Autotroph"
"24",211,"MTD3402","Spirogyra Link","respiration rate",0.71726005974407,0.00860832130461533,2.88657093817065,0.347555087503542,FALSE,4.2339662441616,0.1205836436227,298.163212090679,0.0926356635388912,298.105435,-25.2062542020148,FALSE,-32.8060714755767,0.999952569403553,1,3,NA,3.09789892581158e-12,"Aquatic","Plantae","Streptophyta","Zygnemophyceae","Zygnematales","Zygnemataceae","Spirogyra","Link","Green Algae","Autotroph"
"25",212,"MTD3410","Aldrovanda vesiculosa","respiration rate",0.369284934788547,0.107500389090594,18.0715120279558,4.27790721436337,FALSE,2.72229967586864,17.5516738437391,309.644648561904,32.0262806243831,307.131636,4.05703387617464,FALSE,-18.7499809887969,0.873512903583674,2,20,NA,18.9450277681778,"Aquatic","Plantae","Streptophyta","Magnoliopsida","Caryophyllales","Droseraceae","Aldrovanda","vesiculosa","Vascular Plants","Autotroph"
"111",310,"MTD4149","Cymodocea nodosa","respiration rate",0.0178261414462753,0.211523233702444,-7.68553679702303,8.52642509998939,FALSE,3.14143350021097,20238706.4516314,350,1102378987.54431,307.819,-8.35735947813273,FALSE,0.475413776411628,0.0540108790711779,0,4,NA,0.000221322206024434,"Aquatic","Plantae","Streptophyta","Liliopsida","Alismatales","Cymodoceaceae","Cymodocea","nodosa","Vascular Plants","Autotroph"
"27",214,"MTD3414","Posidonia oceanica","respiration rate",0.381130920269572,0.312298373950016,-3.82608861097147,12.4394894015817,FALSE,3.84211725651743,28556878.5389419,350,1082444576.56103,309.042708,-18.1330833403569,FALSE,11.4223081645194,0.74523918325849,0,5,NA,3.60339525355927e-09,"Aquatic","Plantae","Streptophyta","Liliopsida","Alismatales","Posidoniaceae","Posidonia","oceanica","Vascular Plants","Autotroph"
"28",215,"MTD3450","Myriophyllum salsugineum","respiration rate",0.493533298617216,0.0737576712060893,10.6770982543745,2.91968766225033,FALSE,4.07378376970746,2226408.72885869,350,185652567.057305,308.15,-7.90295788700137,FALSE,-11.2675211850748,0.956186783357802,0,8,NA,7.16701589880814e-05,"Aquatic","Plantae","Streptophyta","Magnoliopsida","Saxifragales","Haloragaceae","Myriophyllum","salsugineum","Vascular Plants","Autotroph"
"29",216,"MTD3453","Zostera muelleri","respiration rate",0.383043328065333,1395.57184557747,-5.38666492603233,1295772.43005344,FALSE,0.00225034860321326,2803.66996390277,350,479.388166717116,315.15,-13.4348213267942,FALSE,13.977670144585,0.251457525583205,0,4,NA,6.00663790057899e-08,"Aquatic","Plantae","Streptophyta","Liliopsida","Alismatales","Zosteraceae","Zostera","muelleri","Vascular Plants","Autotroph"
"32",219,"MTD3479","Mastocarpus papillatus","respiration rate",0.757795801683854,0.385514104131723,10.7720283599719,15.2620593303159,FALSE,30.9007336975261,42619871.3745072,307.542687814636,414380.379795778,308.114664,-17.9578841072294,FALSE,6.15128313620879,0.980107326597112,0,4,NA,1.56466338292514e-09,"Aquatic","Plantae","Rhodophyta","Florideophyceae","Gigartinales","Phyllophoraceae","Mastocarpus","papillatus","Red Algae","Autotroph"
"33",220,"MTD3485","Desmarestia anceps","respiration rate",0.257404202501439,227.93987900681,-11.8414832882766,164725.561226686,FALSE,0.00292758609938734,457.526525977318,350,277.554792194052,302.520443,-16.1352533153254,FALSE,-1.00410080953987,0.994044883190959,0,5,NA,1.65990602704613e-08,"Aquatic","Chromista","Ochrophyta","Phaeophyceae","Desmarestiales","Desmarestiaceae","Desmarestia","anceps","Brown Algae","Autotroph"
"34",221,"MTD3487","Palmaria decipiens","respiration rate",1.27961051215309,0.184981307869608,34.0188264132502,7.7267774330223,FALSE,1.75433536340747,0.331518972260937,298.000024816376,2.0810636554032,298.507096,-17.1039110517616,FALSE,-4.00796214752824,0.98197164745845,1,4,NA,9.42054688774021e-09,"Aquatic","Plantae","Rhodophyta","Florideophyceae","Palmariales","Palmariaceae","Leptosarca","decipiens","Red Algae","Autotroph"
"35",222,"MTD3491","Ascoseira mirabilis","respiration rate",0.44494489877344,0.214389193269511,1.67378414172419,8.88538603194047,FALSE,3.35552317037937,4572006.90046263,350,593011943.418307,302.589253,-15.3848976116675,FALSE,2.8743168915324,0.951633209346441,0,4,NA,6.45363834895576e-08,"Aquatic","Chromista","Ochrophyta","Phaeophyceae","Ascoseirales","Ascoseiraceae","Ascoseira","mirabilis","Brown Algae","Autotroph"
"38",225,"MTD3500","Potamogeton pectinatus","respiration rate",1.08307111689545,0.330077224565697,26.5714414098189,13.7801786003503,FALSE,1.08406914716854,0.149393462158847,350,2499.70471551898,312.786562,-16.3772269445516,FALSE,-5.67364081750503,0.985521804749295,0,5,NA,1.51453687883691e-08,"Aquatic","Plantae","Streptophyta","Liliopsida","Alismatales","Potamogetonaceae","Potamogeton","pectinatus","Vascular Plants","Autotroph"
"43",230,"MTD3515","Potamogeton perfoliatus","respiration rate",1.24148159383498,0.330874215038282,33.2443638161825,13.7683027690094,FALSE,1.24175283277015,0.21643578950133,350,4730.35291405015,315.102065,-16.3536299461945,FALSE,-6.00395649569541,0.965341224468467,0,6,NA,1.74518081498383e-08,"Aquatic","Plantae","Streptophyta","Liliopsida","Alismatales","Potamogetonaceae","Potamogeton","perfoliatus","Vascular Plants","Autotroph"
"45",232,"MTD3521","Callitriche obtusangula","respiration rate",0.504301903420989,0.188513899103748,3.33836098283676,7.57976117288328,FALSE,18.670784049096,6504385.85911812,311.389555967572,459018.502930903,305.93639,-15.7844708722537,FALSE,9.29493799129886,0.866096761960886,1,4,NA,2.99608752021994e-08,"Aquatic","Plantae","Streptophyta","Magnoliopsida","Lamiales","Plantaginaceae","Callitriche","obtusangula","Vascular Plants","Autotroph"
"55",242,"MTD3537","Enteromorpha intestinalis","respiration rate",0.386369976548393,0.0338474334559972,-3.6757115666743,1.39368909919843,FALSE,1.17987877720587,0.183638445091629,306.874631478415,0.809063634240171,308.1211,-18.6821986847406,FALSE,-30.3288770655456,0.980558874737391,2,10,NA,3.34034162357315e-09,"Aquatic","Plantae","Chlorophyta","Ulvophyceae","Ulvales","Ulvaceae","Enteromorpha","intestinalis","Green Algae","Autotroph"
"56",243,"MTD3538","Fucus ceranoides","respiration rate",0.424463390563198,0.0490311806580164,-2.36399272210704,2.01107819995134,FALSE,1.43702003891929,0.151225704688865,301.141778205959,1.06973722326587,302.766846,-19.0752907768182,FALSE,-18.7551936381933,0.93470371498871,4,8,NA,2.60188917002819e-09,"Aquatic","Chromista","Ochrophyta","Phaeophyceae","Fucales","Fucaceae","Fucus","ceranoides","Brown Algae","Autotroph"
"57",244,"MTD3539","Ulva lactuca","respiration rate",0.326014076443005,0.023348569067554,-6.47092503513319,0.938336988946788,FALSE,31.7502108212556,13331361.6566175,311.771210312789,320547.203358154,307.91259,-18.7538455003037,FALSE,-20.4628306040847,0.966178742272595,1,10,NA,2.44789935979356e-09,"Aquatic","Plantae","Chlorophyta","Ulvophyceae","Ulvales","Ulvaceae","Ulva","lactuca","Green Algae","Autotroph"
"65",252,"MTD3547","Griffithsia flosculosa","respiration rate",0.532143187776355,0.0702745826777912,1.4787432968982,2.88786007114444,FALSE,2.14799233901225,0.5001798274401,300.663005198993,1.56062651268605,302.978287,-19.3795093117978,FALSE,-5.82917295628274,0.967892171006717,1,8,NA,1.48830268483939e-09,"Aquatic","Plantae","Rhodophyta","Florideophyceae","Ceramiales","Ceramiaceae","Griffithsia","flosculosa","Red Algae","Autotroph"
"54",241,"MTD3536","Porphyra umbilicalis","respiration rate",0.579602493340403,0.162589430251261,4.2608479560715,6.70126199567312,FALSE,1.30371700679834,0.0997876185382394,296.782597019029,1.62838017935501,295.96888,-18.9856548849455,FALSE,-7.39537840032851,0.868214361404381,5,6,NA,3.22418915187075e-09,"Aquatic","Plantae","Rhodophyta","Bangiophyceae","Bangiales","Bangiaceae","Porphyra","umbilicalis","Red Algae","Autotroph"
"66",253,"MTD3554","Acanthophora spicifera","respiration rate",0.000890744191996894,23548.2956079823,-5.80186593916492,21651223.2949466,FALSE,0.00229774789977257,15031.3558677468,350,55659006.0751838,315.067576,-6.32186562195628,FALSE,20.8230480882369,-0.0935208866554984,0,5,NA,0.00179653496928959,"Aquatic","Plantae","Rhodophyta","Florideophyceae","Ceramiales","Rhodomelaceae","Acanthophora","spicifera","Red Algae","Autotroph"
"67",254,"MTD3555","Gracilaria verrucosa","respiration rate",0.171869544259365,0.225048761461337,-0.148766662951046,8.8850711401153,FALSE,4.85030699552051,24.7037355354825,309.304447967102,19.1059686366327,309.351427,-6.63108314762956,FALSE,8.91616906355366,0.461277840366609,2,3,NA,0.000753766934435032,"Aquatic","Plantae","Rhodophyta","Florideophyceae","Gracilariales","Gracilariaceae","Gracilaria","verrucosa","Red Algae","Autotroph"
"68",255,"MTD3556","Bostrychia binderi","respiration rate",0.446148076259496,0.281806074490825,9.78494905587324,11.116613533141,FALSE,4.83980172454193,14939468.0237961,350,1355468924.67913,314.911257,-6.65057564720775,FALSE,12.1876118891516,0.885413032989733,0,5,NA,0.000204658645061502,"Aquatic","Plantae","Rhodophyta","Florideophyceae","Ceramiales","Rhodomelaceae","Bostrychia","binderi","Red Algae","Autotroph"
"69",256,"MTD3557","Cladophora repens","respiration rate",0.128103750312243,0.293927590177764,-2.37293683699995,11.5955134439148,FALSE,4.26472931491996,154970676.180736,350,2389597713.48217,315.05565,-7.08995237037551,FALSE,12.7395371435205,0.272886980657091,0,5,NA,0.000489820869414106,"Aquatic","Plantae","Chlorophyta","Ulvophyceae","Cladophorales","Cladophoraceae","Cladophora","repens","Green Algae","Autotroph"
"70",257,"MTD3562","Catenella repens","respiration rate",0.0200371412188359,1621.23914706388,-5.87600711292519,138300.898554768,FALSE,0.0429509402356521,289.076607121758,250,462838.798089451,285.5194935,-7.44179707365887,FALSE,17.842539063651,-0.0533410887774262,0,5,NA,0.000586745382920552,"Aquatic","Plantae","Rhodophyta","Florideophyceae","Gigartinales","Caulacanthaceae","Catenella","repens","Red Algae","Autotroph"
"71",258,"MTD3563","Spyridia filamentosa","respiration rate",0.0988282496350189,0.337071121208891,-3.21704635054501,13.2919499611121,FALSE,4.25344037336211,613672591.402907,350,5440680440.44328,315.12218,-6.85531585278356,FALSE,14.2113848345344,0.15316066861623,0,5,NA,0.000698807759961027,"Aquatic","Plantae","Rhodophyta","Florideophyceae","Ceramiales","Ceramiaceae","Spyridia","filamentosa","Red Algae","Autotroph"
"74",262,"MTD3613","Mougeotia","respiration rate",0.283225832495894,0.167290745348207,3.85206451136451,6.74122193298375,FALSE,3.77847144111695,58433602.4096939,350,1548276450.17495,308.15,-6.81054302580234,FALSE,10.0155593631061,0.759796106769494,0,6,NA,0.000429894601015968,"Aquatic","Plantae","Streptophyta","Zygnemophyceae","Zygnematales","Zygnemataceae","Mougeotia",NA,"Green Algae","Autotroph"
"75",263,"MTD3706","Laminaria saccharina","respiration rate",0.578408278039754,2.89233345116428,11.5069226465414,126.131518161188,FALSE,0.587122686609222,0.660015484055235,349.998943929822,4729.53876684575,303.15,-12.081541291314,FALSE,0.274299456522979,0.870058048401962,0,5,NA,3.03778619073217e-06,"Aquatic","Chromista","Ochrophyta","Phaeophyceae","Laminariales","Laminariaceae","Laminaria","saccharina","Brown Algae","Autotroph"
"84",272,"MTD3735","Kallymenia antarctica","respiration rate",1.50262399721697,0.440082507328244,51.7387987248695,18.6817853412192,FALSE,1.67271467081134,0.241757510936865,292.375084003826,4.19520252481913,293.15,-10.1698868243436,FALSE,-2.1504561120475,0.939979584742188,1,4,NA,2.68170820031726e-05,"Aquatic","Plantae","Rhodophyta","Florideophyceae","Gigartinales","Kallymeniaceae","Kallymenia","antarctica","Red Algae","Autotroph"
"86",274,"MTD3737","Ballia callitricha","respiration rate",1.0303658737122,0.106019147498553,31.8761586986375,4.45721527618079,FALSE,1.88714172466461,0.29087884330611,292.752713481003,0.65589217250744,293.15,-9.745118004656,FALSE,-9.89366749680281,0.993140699667575,1,4,NA,2.95368797009656e-05,"Aquatic","Plantae","Rhodophyta","Florideophyceae","Balliales","Balliaceae","Ballia","callitricha","Red Algae","Autotroph"
"88",276,"MTD3739","Gymnogongrus antarcticus","respiration rate",1.10252707477871,0.0756409924464183,34.7068605063845,3.17156085441275,FALSE,2.10189591784453,0.249661704521085,292.780977803064,0.45897611268711,293.15,-9.72366228985671,FALSE,-12.2399152855467,0.998334836232784,1,4,NA,2.67858349225397e-05,"Aquatic","Plantae","Rhodophyta","Florideophyceae","Gigartinales","Phyllophoraceae","Gymnogongrus","antarcticus","Red Algae","Autotroph"
"90",279,"MTD3742","Phyllophora ahnfeltioides","respiration rate",1.34370907730844,1.06269918376105,44.6699536201869,45.874737479464,FALSE,1.34376158447227,3.0858702661601,349.484833913019,333730.147569688,298.15,-10.1645156478805,FALSE,8.69506656846633,0.952650555033558,0,5,NA,1.7778854109439e-05,"Aquatic","Plantae","Rhodophyta","Florideophyceae","Gigartinales","Phyllophoraceae","Phyllophora","ahnfeltioides","Red Algae","Autotroph"
"94",283,"MTD3748","Caulerpa prolifera","respiration rate",0.260347374688902,0.112504064246581,0.79342592963084,4.49295135553075,FALSE,4.02974714977372,8594457.92352696,350,943339416.72213,308.15,-9.00787593104262,FALSE,-0.627805166242286,0.916069330657633,0,5,NA,5.15346255890296e-05,"Aquatic","Plantae","Chlorophyta","Ulvophyceae","Bryopsidales","Caulerpaceae","Caulerpa","prolifera","Green Algae","Autotroph"
"97",286,"MTD3755","Ceratophyllum demersum","respiration rate",1.48320088641669,0.979829851363749,42.1042406717894,41.0201298113676,FALSE,1.48330956891073,0.68604173680476,343.452205887537,31547.3732029749,303.15,-17.5709125222715,FALSE,2.05439568180529,0.971294916410982,0,5,NA,5.9536887467819e-09,"Aquatic","Plantae","Streptophyta","Magnoliopsida","Ceratophyllales","Ceratophyllaceae","Ceratophyllum","demersum","Vascular Plants","Autotroph"
"101",290,"MTD3933","Asparagopsis taxiformis","respiration rate",0.214801335331588,0.39125300207336,-0.25008796624645,15.6250410598259,FALSE,3.81006389354398,45902682.1622865,350,2744554797.2257,308.15,-8.33671734183978,FALSE,14.3285770084915,0.420253599665866,0,5,NA,0.000117308252239087,"Aquatic","Plantae","Rhodophyta","Florideophyceae","Bonnemaisoniales","Bonnemaisoniaceae","Asparagopsis","taxiformis","Red Algae","Autotroph"
"104",293,"MTD3941","Scenedesmus acutus","respiration rate",0.977915111055525,0.0878797512546987,33.5976614431857,3.62324969885469,FALSE,1.66742874644094,0.539852284348785,306.787651864214,2.53935263869626,308.15,-4.27370751524207,FALSE,-4.29300861059653,0.981981148939499,1,12,NA,0.00154030248792967,"Aquatic","Plantae","Chlorophyta","Chlorophyceae","Sphaeropleales","Scenedesmaceae","Scenedesmus","acutus","Green Algae","Autotroph"
"105",297,"MTD4008","Fucus gardneri","respiration rate",0.13919521615103,0.0358502222789338,-3.193281884771,1.45935501665531,FALSE,3.01228660465209,2022499.05544426,350,179905399.778301,295.1,-8.66530388060213,FALSE,-18.8527622441984,0.814638090658315,0,8,NA,0.000136902182061488,"Aquatic","Chromista","Ochrophyta","Phaeophyceae","Fucales","Fucaceae","Fucus","gardneri","Brown Algae","Autotroph"
"106",298,"MTD4030","Lomentaria baileyana","respiration rate",0.651269396717601,0.0662447808946796,9.89422609574936,2.7690238038555,FALSE,1.1004181057678,0.297787026055148,310.572871848201,3.47682095226865,308.138,-15.3418829040983,FALSE,-14.3454411637827,0.995618968903947,1,7,NA,4.97817399624999e-08,"Aquatic","Plantae","Rhodophyta","Florideophyceae","Rhodymeniales","Lomentariaceae","Lomentaria","baileyana","Red Algae","Autotroph"
"107",299,"MTD4031","Lomentaria orcadensis","respiration rate",0.58548775642259,0.0709251678851698,6.82920584953804,2.91454419562575,FALSE,1.73073887857606,0.917986186555045,307.868058044761,1.64097177805033,308.286,-15.6466544870985,FALSE,-3.08957746161305,0.953508401550537,1,7,NA,3.5260168566002e-08,"Aquatic","Plantae","Rhodophyta","Florideophyceae","Rhodymeniales","Lomentariaceae","Lomentaria","orcadensis","Red Algae","Autotroph"
"113",527,"MTD3147","Cenchrus ciliaris","respiration rate",0.555561310682787,0.0881770428956043,16.2029971331006,3.42487788420282,FALSE,30.4518776509036,48987248.0207794,321.635243407341,753189.045217503,322.40355,-4.01437690646358,FALSE,10.4001276225448,0.969086698544123,0,9,NA,0.00141746590371301,"Terrestrial","Plantae","Streptophyta","Liliopsida","Poales","Poaceae","Cenchrus","ciliaris","Vascular Plants","Autotroph"
"114",528,"MTD3149","Calopogonium mucunoides","respiration rate",0.587360019807199,0.187912612238109,18.4497107115775,7.76874584416354,FALSE,0.695663721047446,0.373882871627769,341.347772219168,62.7749048490192,328.000643,-3.44680264769687,FALSE,-9.18542508938944,0.978589802488374,0,9,NA,0.00349580527380818,"Terrestrial","Plantae","Streptophyta","Magnoliopsida","Fabales","Fabaceae","Calopogonium","mucunoides","Vascular Plants","Autotroph"
"115",529,"MTD3239","Glycine max","respiration rate",0.643235303961177,0.239307537609884,11.9979058023917,9.8566077263447,FALSE,0.738075763097461,0.531933873968706,340.948226928787,103.352216059176,318.59986,-12.1961402040301,FALSE,-37.9170727964196,0.964350000858957,3,21,NA,5.59875838791865e-07,"Terrestrial","Plantae","Streptophyta","Magnoliopsida","Fabales","Fabaceae","Glycine","max","Vascular Plants","Autotroph"
"116",530,"MTD3241","Quercus canariensis","respiration rate",0.321321556072671,0.324534041462703,-1.39027071541899,12.960559635037,FALSE,3.84986979174111,60443642.7515142,350,2276535478.26576,308.15,-13.4870685785988,FALSE,12.0850043006096,0.694070309733164,0,5,NA,4.77298293721193e-07,"Terrestrial","Plantae","Streptophyta","Magnoliopsida","Fagales","Fagaceae","Quercus","canariensis","Vascular Plants","Autotroph"
"117",531,"MTD3244","Sphagnum squarrosum","respiration rate",0.927641105545886,0.201841898510038,27.7291258331855,8.50563231594263,FALSE,0.94423814062556,1.55101531481379,350,1238.84108934327,303.686358,-8.09410948273086,FALSE,-13.7835807544621,0.998425059425686,0,4,NA,3.32592044265799e-05,"Terrestrial","Plantae","Streptophyta","Sphagnopsida","Sphagnales","Sphagnaceae","Sphagnum","squarrosum","Mosses","Autotroph"
"118",532,"MTD3246","Sphagnum angustifolium","respiration rate",0.753720552616502,0.0627218941017034,21.1605537963629,2.58160276085094,FALSE,2.01556108943941,4.92469414998233,310.660818535647,23.8647738582964,306.02462,-7.58662469922774,FALSE,-10.5273031389031,0.999751622928337,0,5,NA,6.0039908399695e-05,"Terrestrial","Plantae","Streptophyta","Sphagnopsida","Sphagnales","Sphagnaceae","Sphagnum","angustifolium","Mosses","Autotroph"
"119",533,"MTD3248","Sphagnum warnstorfii","respiration rate",1.07171198603116,0.591152082670667,33.5348852360571,24.9682128793244,FALSE,1.07419946641832,1.40213076556102,350,7688.26240870826,304.344695,-8.43602215991199,FALSE,4.26075798647987,0.977365294851343,0,5,NA,2.84853305454003e-05,"Terrestrial","Plantae","Streptophyta","Sphagnopsida","Sphagnales","Sphagnaceae","Sphagnum","warnstorfii","Mosses","Autotroph"
"123",537,"MTD3286","Agave deserti","respiration rate",0.400611804330953,0.0165733749348155,3.51506673621955,0.654114079448032,FALSE,3.38846254440907,1.30083306392603,319.790552979881,1.74178725143197,317.12157,-11.1866476272852,FALSE,-21.3537942117346,0.994090444086977,2,8,NA,2.50208905607899e-06,"Terrestrial","Plantae","Streptophyta","Liliopsida","Asparagales","Asparagaceae","Agave","deserti","Vascular Plants","Autotroph"
"130",544,"MTD3303","Acer saccharum","respiration rate",0.592973310511313,0.0250420385318828,13.9054693514745,1.00962187908855,FALSE,3.8487007685794,1087611.39382005,350,43895674.0987979,307.91434,-8.43529180531589,FALSE,-16.514409350614,0.997225756774761,0,6,NA,3.07623811501849e-05,"Terrestrial","Plantae","Streptophyta","Magnoliopsida","Sapindales","Aceraceae","Acer","saccharum","Vascular Plants","Autotroph"
"321",789,"MTD4293","Eucalyptus pauciflora","respiration rate",0.532558513115374,0.00249185652137385,8.12967800683409,0.0954997026219416,FALSE,3.97196382763299,0.131043098467054,330.107748693142,0.117065363318143,330.181,-10.7299656621915,FALSE,-238.462497323962,0.997403024670957,7,49,NA,1.1340027328079e-06,"Terrestrial","Plantae","Streptophyta","Magnoliopsida","Myrtales","Myrtaceae","Eucalyptus","pauciflora","Vascular Plants","Autotroph"
"145",559,"MTD3324","Larrea divaricata","respiration rate",0.597710470028329,0.15733077419937,-7.80862443350913,6.44899996609139,FALSE,0.693349339030596,0.445534403545699,350,92.1964278632696,325.847964,-29.8482714456812,FALSE,-20.948668181506,0.995912019987739,0,8,NA,9.15446099256433e-15,"Terrestrial","Plantae","Streptophyta","Magnoliopsida","Zygophyllales","Zygophyllaceae","Larrea","divaricata","Vascular Plants","Autotroph"
"285",740,"MTD4146","Triticum aestivum","respiration rate",4.12648078280931e-06,5.87294807164988e-05,0.0555816514879283,1.71811818313293,FALSE,7.6507156626003e-05,0.00169412745871421,350,9104.7596951971,293.621,-6.0466670698256e-08,FALSE,-318.063568926324,0.00550924533102171,4,7,NA,0.999999936437901,"Terrestrial","Plantae","Streptophyta","Liliopsida","Poales","Poaceae","Triticum","aestivum","Vascular Plants","Autotroph"
"150",564,"MTD3337","Aloe arborescens","respiration rate",0.800321392369782,1.38502873780002,15.5547288868044,57.59495341007,FALSE,0.812885901989678,1.1078182040949,350,2495.15510449441,307.83914,-15.5572438047351,FALSE,-6.74970773780385,0.97409891226384,0,9,NA,2.947893435852e-08,"Terrestrial","Plantae","Streptophyta","Liliopsida","Asparagales","Xanthorrhoeaceae","Aloe","arborescens","Vascular Plants","Autotroph"
"152",566,"MTD3339","Helianthus annuus","respiration rate",0.154723530436271,0.0266359630845243,-7.50797823778674,1.04528557513528,FALSE,23.3864723471389,788.908524279825,302.612415012931,6.82546337994811,303.15,-13.4610628183364,FALSE,-31.5125746433667,0.949530161525478,2,5,NA,9.68855630476487e-07,"Terrestrial","Plantae","Streptophyta","Magnoliopsida","Asterales","Asteraceae","Helianthus","annuus","Vascular Plants","Autotroph"
"154",568,"MTD3341","Sorghum bicolor","respiration rate",0.25362319012276,0.0589647254723005,-4.20953693218402,2.29924175913443,FALSE,3.87753019339879,3768687.96756753,350,327244781.120577,307.345404,-13.7826893160101,FALSE,-13.7239065783632,0.882840766117717,0,7,NA,4.56022730180852e-07,"Terrestrial","Plantae","Streptophyta","Liliopsida","Poales","Poaceae","Sorghum","bicolor","Vascular Plants","Autotroph"
"155",569,"MTD3342","Triticum durum","respiration rate",2.71614417914425,3.14604142367384,96.4222857704999,126.902693402909,FALSE,2.94103702581965,3.02168678108906,291.909255942939,0.911146005225596,291.454598,-14.0936401845469,FALSE,-26.6106913176089,0.843474232698984,4,3,NA,2.65392310649662e-07,"Terrestrial","Plantae","Streptophyta","Liliopsida","Poales","Poaceae","Triticum","durum","Vascular Plants","Autotroph"
"156",570,"MTD3343","Cicer arietinum","respiration rate",0.444139980010511,0.0752550972103886,3.87295220438245,2.96035868986989,FALSE,7.75739613370649,4721666.20786788,324.023914516413,193835158.520232,304.241953,-13.0623715156319,FALSE,-9.36291063391644,0.957937219587129,0,7,NA,6.01469308458201e-07,"Terrestrial","Plantae","Streptophyta","Magnoliopsida","Fabales","Fabaceae","Cicer","arietinum","Vascular Plants","Autotroph"
"158",572,"MTD3345","Lolium perenne","respiration rate",0.362386838788945,0.0425701576818725,5.74159402432246,1.69809083889361,FALSE,4.2777467978621,1.66444257920676,307.885247448927,1.28535336316605,307.928572,-8.00145994034024,FALSE,-7.42197922649004,0.874940943604509,4,11,NA,0.000111026273836739,"Terrestrial","Plantae","Streptophyta","Liliopsida","Poales","Poaceae","Lolium","perenne","Vascular Plants","Autotroph"
"172",590,"MTD3424","Zea mays","respiration rate",0.581514183878014,0.00636275412499961,9.76451610027599,0.24800856422815,FALSE,5.86932052637388,0.625277597178509,309.558374213588,0.0848949188314021,308.309817,-12.1605478434494,FALSE,-34.2260125045697,0.999955105711199,1,3,NA,7.82572076866724e-07,"Terrestrial","Plantae","Streptophyta","Liliopsida","Poales","Poaceae","Zea","mays","Vascular Plants","Autotroph"
"160",574,"MTD3347","Hakea preissii","respiration rate",0.460872431311901,374.511628872734,-4.70120107548764,87408.3043050755,FALSE,0.0102358250206981,759.349962994407,350,315.561833151563,317.366614,-17.1536096824629,FALSE,11.5326922002206,0.164888877871111,0,5,NA,1.02213992357473e-09,"Terrestrial","Plantae","Streptophyta","Magnoliopsida","Proteales","Proteaceae","Hakea","preissii","Vascular Plants","Autotroph"
"161",575,"MTD3348","Eremophila miniata","respiration rate",0.910507903749762,0.0838893697526884,16.8379524699757,3.35808506728171,FALSE,1.16698281323586,0.0841352924708733,319.82113487869,2.68412369137358,318.41899,-17.7072885523755,FALSE,-25.2295686895471,0.999656030263568,0,4,NA,1.27401404270434e-09,"Terrestrial","Plantae","Streptophyta","Magnoliopsida","Lamiales","Scrophulariaceae","Eremophila","miniata","Vascular Plants","Autotroph"
"162",576,"MTD3355","Arthrocnemum bidens","respiration rate",0.248209910246951,0.0257506237143999,-8.46266489248105,0.992648905166212,FALSE,4.64026585895612,959039.650152169,350,23457554.4835167,316.680403,-17.5553188441938,FALSE,-19.2778245643854,0.991946246116518,0,5,NA,8.09463893330659e-09,"Terrestrial","Plantae","Streptophyta","Magnoliopsida","Asterales","Asteraceae","Arthrocnemum","bidens","Vascular Plants","Autotroph"
"165",579,"MTD3359","Pinus sylvestris","respiration rate",0.440302003970154,0.00261309576807051,3.39496657375517,0.107027518200549,FALSE,2.28718882463492,1.68021488769324,313.444848585022,8.4831987181708,305.35,-13.3580510223628,FALSE,-43.8797148504339,0.999997826662125,0,4,NA,4.36421125626474e-07,"Terrestrial","Plantae","Streptophyta","Pinopsida","Pinales","Pinaceae","Pinus","sylvestris","Vascular Plants","Autotroph"
"168",585,"MTD3377","Spinacia oleracea","respiration rate",3.17730913551432e-17,1.26829767792083e-11,-17.0198451734737,0.0440115544729533,FALSE,9.49476027477418,4.60381468503966,285.123897968425,294617.8431284,293.15,-17.0198451734738,FALSE,-16.6056492619214,0.813899206758492,8,0,NA,4.05858978824217e-08,"Terrestrial","Plantae","Streptophyta","Magnoliopsida","Caryophyllales","Amaranthaceae","Spinacia","oleracea","Vascular Plants","Autotroph"
"169",587,"MTD3380","Valerianella locusta","respiration rate",2.71001898372453e-12,9.81157389550338e-07,-16.569818807358,0.108134810875548,FALSE,2.89242535129136,0.773266017589184,252.170540275196,686125.670025618,293.15,-16.5699310114515,FALSE,-10.6197081983347,0.926275202975061,9,0,NA,6.36529110840183e-08,"Terrestrial","Plantae","Streptophyta","Magnoliopsida","Dipsacales","Caprifoliaceae","Valerianella","locusta","Vascular Plants","Autotroph"
"170",588,"MTD3415","Ipomoea batatas","respiration rate",0.284078700462413,0.0910026021811137,-2.68965517414371,3.55934898380741,FALSE,4.72988012334178,11480186.9498814,350,657540099.417955,311.40654,-13.2725304456851,FALSE,30.7917983150373,0.432999994256825,1,22,NA,5.98623490231198e-07,"Terrestrial","Plantae","Streptophyta","Magnoliopsida","Solanales","Convolvulaceae","Ipomoea","batatas","Vascular Plants","Autotroph"
"174",592,"MTD3428","Quercus myrsinaefolia","respiration rate",0.519111800193486,0.0364431129814131,6.11247215745955,1.42638849351418,FALSE,50,3491.67024239499,304.815796908088,5.484249094865,304.898028,-13.6563549006579,FALSE,-24.9674795539379,0.960014070134991,1,14,NA,2.61707591544133e-07,"Terrestrial","Plantae","Streptophyta","Magnoliopsida","Fagales","Fagaceae","Quercus","myrsinaefolia","Vascular Plants","Autotroph"
"178",596,"MTD3572","Ferocactus acanthodes","respiration rate",0.538711218547993,0.0305501326545982,9.12659345611969,1.20729728604269,FALSE,1.77083654578411,0.19189276658972,319.505768729298,0.940319628098434,322.77433,-10.8443037331778,FALSE,-15.964858203427,0.981593335722233,1,9,NA,2.38804064988652e-06,"Terrestrial","Plantae","Streptophyta","Magnoliopsida","Caryophyllales","Cactaceae","Ferocactus","acanthodes","Vascular Plants","Autotroph"
"179",597,"MTD3573","Opuntia ficus-indica","respiration rate",0.601999536405174,0.0300195766698467,11.1438282055318,1.193654513713,FALSE,1.76254137808626,0.388845800801776,323.441314965118,0.916549168187561,327.146414,-10.9270398590138,FALSE,-13.2093396702286,0.992484002190244,2,10,NA,1.34282277709488e-06,"Terrestrial","Plantae","Streptophyta","Magnoliopsida","Caryophyllales","Cactaceae","Opuntia","ficus-indica","Vascular Plants","Autotroph"
"183",601,"MTD3577","Plantago lanceolata","respiration rate",0.44265880781073,0.0634418784434215,-6.44391987375022,2.52342226706653,FALSE,2.0677486385779,2.21063361810196,315.647674996153,1.91593818181398,313.078913,-22.9826337983982,FALSE,-2.1789699603175,0.924137743365451,1,10,NA,2.11343436736403e-11,"Terrestrial","Plantae","Streptophyta","Magnoliopsida","Lamiales","Plantaginaceae","Plantago","lanceolata","Vascular Plants","Autotroph"
"186",604,"MTD3580","Plantago euryphylla","respiration rate",0.414827969599653,0.0501302426925401,-7.12803254177444,2.02563797571992,FALSE,1.46172313588471,0.577651272803852,313.310509540959,1.30895385103065,316.80082,-22.8605549691151,FALSE,-11.550990470647,0.962078294390123,1,8,NA,3.33096052977843e-11,"Terrestrial","Plantae","Streptophyta","Magnoliopsida","Lamiales","Plantaginaceae","Plantago","euryphylla","Vascular Plants","Autotroph"
"196",614,"MTD3593","Eucalyptus marginata","respiration rate",0.506090936439097,0.0120850596762428,3.8996858250958,0.482881642423363,FALSE,3.08914202793133,243543.198599134,348.948112785962,17465726.9077174,295.65,-15.9586755927473,FALSE,-61.915838881204,0.996155984557336,0,11,NA,4.88091994233079e-08,"Terrestrial","Plantae","Streptophyta","Magnoliopsida","Myrtales","Myrtaceae","Eucalyptus","marginata","Vascular Plants","Autotroph"
"197",615,"MTD3595","Acacia craspedocarpa","respiration rate",0.528412253252465,0.0311149495676358,4.21403936102163,1.19535036227122,FALSE,4.27373103877569,724680.935994462,350,44083511.4275269,307.45,-15.7243979252521,FALSE,-38.8982588904358,0.981656854061814,0,10,NA,2.67824415390596e-08,"Terrestrial","Plantae","Streptophyta","Magnoliopsida","Fabales","Fabaceae","Acacia","craspedocarpa","Vascular Plants","Autotroph"
"198",616,"MTD3597","Rhagodia baccata","respiration rate",0.546795484729658,0.0155868689683994,4.9286245839818,0.59576913180062,FALSE,50,10225.3018417484,308.736960889497,29.9888520734408,309.05,-15.668175010572,FALSE,-61.2039801647318,0.992974153434434,0,13,NA,2.57685057547353e-08,"Terrestrial","Plantae","Streptophyta","Magnoliopsida","Caryophyllales","Amaranthaceae","Rhagodia","baccata","Vascular Plants","Autotroph"
"206",624,"MTD3605","Acer rubrum","respiration rate",0.702915038968788,0.323536800940984,2.4766694215609,13.6726788832992,FALSE,0.778603759501117,4.63151825275048,350,1097.1171429798,303.15,-24.5812336540794,FALSE,-17.8227819919191,0.99953518631438,0,4,NA,3.62489223124753e-12,"Terrestrial","Plantae","Streptophyta","Magnoliopsida","Sapindales","Aceraceae","Acer","rubrum","Vascular Plants","Autotroph"
"200",618,"MTD3599","Carya glabra","respiration rate",0.523273843170527,0.128379713074774,5.39936714998302,5.17012789342018,FALSE,3.50479298591835,2902466.44785359,350,433995819.440291,303.15,-14.6252484482514,FALSE,-4.50303705433681,0.986164893113364,0,4,NA,1.08158733514452e-07,"Terrestrial","Plantae","Streptophyta","Magnoliopsida","Fagales","Juglandaceae","Carya","glabra","Vascular Plants","Autotroph"
"208",626,"MTD3607","Quercus rubra","respiration rate",0.405447700794793,72.0895937803756,-12.5661460507543,13307.6998363159,FALSE,0.0137881138837805,148.149880200597,350,94.3344324778169,303.15,-24.7404309236544,FALSE,-14.0545518001532,0.996890379388845,0,4,NA,3.01295369682898e-12,"Terrestrial","Plantae","Streptophyta","Magnoliopsida","Fagales","Fagaceae","Quercus","rubra","Vascular Plants","Autotroph"
"202",620,"MTD3601","Quercus alba","respiration rate",0.499095903500263,0.103328184511585,4.95614897358823,4.16124893302505,FALSE,3.57882434093378,2385437.94854963,350,349307785.493046,303.15,-14.1432265144342,FALSE,-6.67384542501838,0.989465338211829,0,4,NA,1.86975050774664e-07,"Terrestrial","Plantae","Streptophyta","Magnoliopsida","Fagales","Fagaceae","Quercus","alba","Vascular Plants","Autotroph"
"210",628,"MTD3609","Quercus prinus","respiration rate",0.355619755075329,145.838552346242,-15.0404619629004,39647.9202176274,FALSE,0.00860770998446273,296.160254603121,350,210.107367807324,303.15,-24.7067795210979,FALSE,-11.3347566442027,0.995483959477482,0,4,NA,3.29274376184079e-12,"Terrestrial","Plantae","Streptophyta","Magnoliopsida","Fagales","Fagaceae","Quercus","prinus","Vascular Plants","Autotroph"
"204",622,"MTD3603","Quercus coccinea","respiration rate",1.61021495079639,0.412786204092844,49.7427474594829,17.0079021302761,FALSE,1.61054232663474,0.171332714109049,336.879356256625,6493.14323761597,303.15,-14.2997000880018,FALSE,-9.92963082711266,0.992724480448531,0,4,NA,7.90264813308149e-08,"Terrestrial","Plantae","Streptophyta","Magnoliopsida","Fagales","Fagaceae","Quercus","coccinea","Vascular Plants","Autotroph"
"212",630,"MTD3611","Liriodendron tulipifera","respiration rate",0.738746609521226,0.313036485732741,3.5769890432792,12.8090267155841,FALSE,1.70645720015202,17.0565243089644,312.079742469079,146.39045618946,303.15,-24.8047149281497,FALSE,-4.76246539670856,0.995550774154313,0,4,NA,2.55916622076586e-12,"Terrestrial","Plantae","Streptophyta","Magnoliopsida","Magnoliales","Magnoliaceae","Liriodendron","tulipifera","Vascular Plants","Autotroph"
"213",631,"MTD3614","Vicia faba","respiration rate",1.60042159426324,3.14761012731757,49.5867574631868,129.87145927523,FALSE,1.60121857988204,1.86254628797063,327.772967528074,10617.7716444361,303.15,-14.7084055291087,FALSE,9.69563404615149,0.749861430660358,0,5,NA,9.03578036160493e-08,"Terrestrial","Plantae","Streptophyta","Magnoliopsida","Fabales","Fabaceae","Vicia","faba","Vascular Plants","Autotroph"
"214",632,"MTD3628","Betula pubescens","respiration rate",0.9375372518121,0.115225546341804,30.6452552273469,4.91671892772299,FALSE,0.941068220606221,0.219742863711793,350,1031.0167665762,303.148804,-6.37685248252673,FALSE,-24.0056372545192,0.992350387344126,0,9,NA,0.000362671688252076,"Terrestrial","Plantae","Streptophyta","Magnoliopsida","Fagales","Betulaceae","Betula","pubescens","Vascular Plants","Autotroph"
"216",634,"MTD3640","Vitis labruscana","respiration rate",0.503620041576757,0.0457298195802471,-4.64631592252484,1.84814609320704,FALSE,1.70918894699846,0.764723111532619,309.404982061488,1.64606019755524,310.816668,-23.8874090186289,FALSE,-21.2120155418762,0.998285779197396,0,6,NA,1.04835863836909e-11,"Terrestrial","Plantae","Streptophyta","Magnoliopsida","Vitales","Vitaceae","Vitis","labruscana","Vascular Plants","Autotroph"
"219",637,"MTD3643","Citrus aurantium","respiration rate",0.466517859551942,0.0346183375660025,-7.13833921716898,1.367811127515,FALSE,24.12038676687,948306187.994528,311.758839356209,12367033.6397847,311.798483,-24.5176987506155,FALSE,-13.0862639199976,0.995281597528575,0,7,NA,3.97091322473902e-12,"Terrestrial","Plantae","Streptophyta","Magnoliopsida","Sapindales","Rutaceae","Citrus","aurantium","Vascular Plants","Autotroph"
"221",639,"MTD3645","Cassiope tetragona","respiration rate",0.813308178129564,0.00278326188164128,21.5945984580885,0.116564801488189,FALSE,1.1593011738672,0.0165470886316897,315.143792837969,0.331116854656626,313.15,-9.56167881483806,FALSE,-41.7729035510729,0.999998877625898,0,4,NA,7.91961836986059e-06,"Terrestrial","Plantae","Streptophyta","Magnoliopsida","Ericales","Ericaceae","Cassiope","tetragona","Vascular Plants","Autotroph"
"222",640,"MTD3646","Cassiope hypnoides","respiration rate",0.374007388849076,105.336321684786,-1.99790580455284,229397.044029508,FALSE,0.000936992955083425,211.410007879815,350,13.6882154653882,313.15,-9.08150127464876,FALSE,9.11755350203571,0.572988716470115,0,4,NA,6.2384424765193e-06,"Terrestrial","Plantae","Streptophyta","Magnoliopsida","Ericales","Ericaceae","Cassiope","hypnoides","Vascular Plants","Autotroph"
"223",641,"MTD3647","Antennaria alpina","respiration rate",0.924580203652915,0.387609090721734,26.4056336228478,16.426113904467,FALSE,0.931915101289637,0.77702225421583,350,1715.5158034561,313.15,-9.31098956346705,FALSE,3.41907351799316,0.956466747035347,0,4,NA,9.56302410235868e-06,"Terrestrial","Plantae","Streptophyta","Magnoliopsida","Asterales","Asteraceae","Antennaria","alpina","Vascular Plants","Autotroph"
"224",642,"MTD3648","Diapensia lapponica","respiration rate",0.934295624562358,0.24411763060388,27.0920038887925,10.358432363646,FALSE,0.939091206493476,0.310792060152532,350,1188.83893648147,313.15,-9.31144406388738,FALSE,-2.00472841641641,0.980614447992702,0,4,NA,1.23103108026358e-05,"Terrestrial","Plantae","Streptophyta","Magnoliopsida","Ericales","Diapensiaceae","Diapensia","lapponica","Vascular Plants","Autotroph"
"225",643,"MTD3649","Viscaria alpina","respiration rate",0.710448084649946,0.154799361699887,18.3087882006317,6.64714343409352,FALSE,0.726665054787525,0.234822411542222,350,333.284987850444,313.15,-9.28415956451832,FALSE,-9.92875099003791,0.999024903778384,0,4,NA,1.77792543827034e-05,"Terrestrial","Plantae","Streptophyta","Magnoliopsida","Caryophyllales","Caryophyllaceae","Viscaria","alpina","Vascular Plants","Autotroph"
"226",644,"MTD3650","Saxifraga oppositifolia","respiration rate",0.760524274471254,0.0894717586702579,18.8396690089263,3.81399480335209,FALSE,0.78971356245729,0.398184572917877,350,230.653221653975,313.15,-10.1218415134511,FALSE,-12.4429239258661,0.998361975761208,0,4,NA,4.23431272430148e-06,"Terrestrial","Plantae","Streptophyta","Magnoliopsida","Saxifragales","Saxifragaceae","Saxifraga","oppositifolia","Vascular Plants","Autotroph"
"227",645,"MTD3651","Empetrum nigrum","respiration rate",0.797563609811702,0.163142111025843,20.5545588963362,6.93375326175924,FALSE,0.828007043150219,0.919168384773621,350,474.740052833962,313.15,-9.70328859969642,FALSE,-5.4805028415273,0.996559411822588,0,4,NA,5.22631114773539e-06,"Terrestrial","Plantae","Streptophyta","Magnoliopsida","Ericales","Ericaceae","Empetrum","nigrum","Vascular Plants","Autotroph"
"229",647,"MTD3653","Hordeum vulgare","respiration rate",0.570357825436854,0.025721358744996,12.0239503977803,1.0344385583138,FALSE,32.8401319208672,15154461.8064921,312.398305159891,186071.371525108,313.06363,-9.32319273556823,FALSE,-17.4439356483191,0.995491981687143,0,10,NA,1.18384391573655e-05,"Terrestrial","Plantae","Streptophyta","Liliopsida","Poales","Poaceae","Hordeum","vulgare","Vascular Plants","Autotroph"
"231",649,"MTD3664","Acer pseudoplatanus","respiration rate",0.714254728908729,0.460846592298568,15.9432355575893,19.4520289980057,FALSE,0.719111688037944,0.246038808838857,350,646.679432176086,313.086787,-12.8099808234703,FALSE,-17.6997491667436,0.99345300781795,0,5,NA,1.07288654807784e-06,"Terrestrial","Plantae","Streptophyta","Magnoliopsida","Sapindales","Aceraceae","Acer","pseudoplatanus","Vascular Plants","Autotroph"
"232",650,"MTD3665","Betula pendula","respiration rate",0.663597427657041,0.685643347553593,13.6202816919371,28.7084380458312,FALSE,0.808548864738736,0.188803763257593,311.69117774241,18.1199808889285,313.140547,-12.798578804694,FALSE,-5.76491232870523,0.967325333260953,0,4,NA,1.04954249630274e-06,"Terrestrial","Plantae","Streptophyta","Magnoliopsida","Fagales","Betulaceae","Betula","pendula","Vascular Plants","Autotroph"
"233",651,"MTD3666","Fagus sylvatica","respiration rate",0.355409524833256,0.0840307976735493,0.643445837212409,3.3538059762582,FALSE,20.6578507184824,18536435.1974204,312.457336021116,292632.802169213,313.199732,-12.6233379486026,FALSE,-4.69221758715972,0.992767261417737,0,4,NA,9.025655389348e-07,"Terrestrial","Plantae","Streptophyta","Magnoliopsida","Fagales","Fagaceae","Fagus","sylvatica","Vascular Plants","Autotroph"
"234",652,"MTD3667","Fraxinus excelsior","respiration rate",0.574166615742292,0.0753554206730162,9.55783052365686,3.07441388178413,FALSE,1.31338520654159,0.210346021762881,305.79990139141,0.714135476986125,305.12711,-12.8001945134259,FALSE,-16.3307761893277,0.993269179241558,2,3,NA,8.47769288167887e-07,"Terrestrial","Plantae","Streptophyta","Magnoliopsida","Lamiales","Oleaceae","Fraxinus","excelsior","Vascular Plants","Autotroph"
"235",653,"MTD3668","Juglans regia","respiration rate",0.401094081965712,0.0968934260593684,2.40201976055939,3.86855529710777,FALSE,17.7976896088706,33644761.8070815,311.968965118278,1201354.87710484,313.090727,-12.6803859272119,FALSE,-3.36128517024887,0.987797249006397,0,4,NA,8.05992910285767e-07,"Terrestrial","Plantae","Streptophyta","Magnoliopsida","Fagales","Juglandaceae","Juglans","regia","Vascular Plants","Autotroph"
"236",654,"MTD3669","Quercus petraea","respiration rate",0.871692764385708,1.30935110298096,22.3008556338524,54.7630683709674,FALSE,0.873513322472369,0.837663774393997,349.706409244095,3258.84801782846,313.141005,-12.8400896473494,FALSE,-3.2600671692488,0.909259002334148,0,5,NA,9.79014159587878e-07,"Terrestrial","Plantae","Streptophyta","Magnoliopsida","Fagales","Fagaceae","Quercus","petraea","Vascular Plants","Autotroph"
"237",655,"MTD3670","Quercus robur","respiration rate",0.51110193899819,0.347296720937302,6.97062560489716,14.1320273159931,FALSE,1.34518601057311,1.58226634909586,307.357306003477,4.00388425684176,309.290575,-12.8105375355174,FALSE,3.10750472961051,0.837482629732224,2,3,NA,8.50310865749274e-07,"Terrestrial","Plantae","Streptophyta","Magnoliopsida","Fagales","Fagaceae","Quercus","robur","Vascular Plants","Autotroph"
"241",661,"MTD3676","Pinus resinosa","respiration rate",1.02440723769222,0.564221785722433,14.5368656452104,22.4720736587196,FALSE,50,2671.49002658878,294.532797780723,17.7584474837449,294.115364,-25.8705792901279,FALSE,19.2529714486715,0.327666144871014,2,20,NA,1.21766621428375e-12,"Terrestrial","Plantae","Streptophyta","Pinopsida","Pinales","Pinaceae","Pinus","resinosa","Vascular Plants","Autotroph"
"242",662,"MTD3677","Fuchsia excorticata","respiration rate",0.356776067070089,0.0850656232633821,0.453743263065568,3.41397450553779,FALSE,3.13137641964059,5751652.79570972,350,387654408.722082,295.246695,-13.5648166834173,FALSE,-9.90416716266117,0.500834616594856,1,30,NA,7.05954072170639e-07,"Terrestrial","Plantae","Streptophyta","Magnoliopsida","Myrtales","Onagraceae","Fuchsia","excorticata","Vascular Plants","Autotroph"
"244",664,"MTD3679","Aristotelia serrata","respiration rate",0.283647179512738,0.0920192904789298,-2.27486003373144,3.69670787006946,FALSE,3.28786272515383,8185388.74945618,350,529282934.828093,295.696032,-13.4030801379727,FALSE,5.28730535223813,0.337489315994592,1,22,NA,9.22518846689621e-07,"Terrestrial","Plantae","Streptophyta","Magnoliopsida","Oxalidales","Elaeocarpaceae","Aristotelia","serrata","Vascular Plants","Autotroph"
"245",665,"MTD3685","Quercus ilex","respiration rate",0.390057696231904,0.111025291772192,1.39058674229836,4.378263084177,FALSE,30.7080410453334,79888621.686875,307.899931939094,536523.058444852,308.37644,-13.3572161656101,FALSE,8.45638207378471,0.707288085397689,0,11,NA,4.60730501091271e-07,"Terrestrial","Plantae","Streptophyta","Magnoliopsida","Fagales","Fagaceae","Quercus","ilex","Vascular Plants","Autotroph"
"246",666,"MTD3686","Phillyrea latifolia","respiration rate",1.7418333161443,3.98707030789128,56.2510459235641,164.449359987586,FALSE,1.74191554753753,4.82228393466662,341.286047698642,71039.1989427995,310.47818,-12.9343166171101,FALSE,25.2160201927108,0.711303904351349,0,11,NA,2.45736672281043e-07,"Terrestrial","Plantae","Streptophyta","Magnoliopsida","Lamiales","Oleaceae","Phillyrea","latifolia","Vascular Plants","Autotroph"
"247",667,"MTD3687","Myrtus communis","respiration rate",2.00399872999581,1.73604900569436,66.7332715306605,70.3027893806531,FALSE,2.03273503301496,1.44322036580614,306.433823125359,44.969160852623,310.517622,-13.3980717032517,FALSE,13.3463648438983,0.694874315233695,0,11,NA,1.87435339904495e-07,"Terrestrial","Plantae","Streptophyta","Magnoliopsida","Myrtales","Myrtaceae","Myrtus","communis","Vascular Plants","Autotroph"
"248",669,"MTD3689","Cistus incanus","respiration rate",1.24720407870452,1.86069626133554,36.4998085101856,75.7849077704098,FALSE,1.24767184482704,1.12425318104202,350,14996.5848545804,311.68998,-12.7846637583846,FALSE,7.19862385021378,0.843773904679068,0,11,NA,3.95942016411948e-07,"Terrestrial","Plantae","Streptophyta","Magnoliopsida","Malvales","Cistaceae","Cistus","incanus","Vascular Plants","Autotroph"
"250",671,"MTD3691","Dracunculus vulgaris","respiration rate",0.00186943578053097,0.119939878819209,-24.2882390268415,4.89403219446113,TRUE,3.26898641875904,0.922223658885074,281.545767976977,130.466735793664,281.158502,-24.3658493205346,TRUE,-4.34830136926453,0.793206553265595,5,5,NA,2.61791393922149e-11,"Terrestrial","Plantae","Streptophyta","Liliopsida","Alismatales","Araceae","Dracunculus","vulgaris","Vascular Plants","Autotroph"
"251",673,"MTD3712","Atriplex lentiformis","respiration rate",0.593533697931293,0.0584025590981171,-8.34956029166596,2.4039383377062,FALSE,0.808425291743323,1.28952642741594,350,118.012398557176,319.15,-30.1124690578466,FALSE,-56.2954774440143,0.996361701149522,0,18,NA,6.4665389246608e-15,"Terrestrial","Plantae","Streptophyta","Magnoliopsida","Caryophyllales","Amaranthaceae","Atriplex","lentiformis","Vascular Plants","Autotroph"
"266",688,"MTD3974","Ledum groenlandicum","respiration rate",0.531621116862728,0.0102678836916906,11.8859141563776,0.412282717081847,FALSE,1.88523262177111,0.210604729436661,308.730227057746,0.469243634506495,308.15,-8.4234612920652,FALSE,-38.5749354665495,0.999979943926186,0,4,NA,5.03875090960636e-05,"Terrestrial","Plantae","Streptophyta","Magnoliopsida","Ericales","Ericaceae","Ledum","groenlandicum","Vascular Plants","Autotroph"
"274",706,"MTD3994","Crupina vulgaris","respiration rate",0.512193596587789,0.0926909840781361,14.3548635749985,3.78609275892925,FALSE,1.41565297295617,1.49072281825043,310.267766698401,8.16230594808126,308.15,-5.25990389056545,FALSE,-15.5440007226081,0.997903497313736,0,5,NA,0.00131521008577672,"Terrestrial","Plantae","Streptophyta","Magnoliopsida","Asterales","Asteraceae","Crupina","vulgaris","Vascular Plants","Autotroph"
"278",713,"MTD4018","Arbutus unedo","respiration rate",0.241756936504746,0.088792118093435,-4.614388827303,3.64734874589443,FALSE,1.14670121888085,267.85448994078,350,12086.5216622793,308.326,-13.7121888221,FALSE,-19.9698229224979,0.995326245697794,0,5,NA,4.94639264601579e-07,"Terrestrial","Plantae","Streptophyta","Magnoliopsida","Ericales","Ericaceae","Arbutus","unedo","Vascular Plants","Autotroph"
"280",715,"MTD4022","Gossypium hirsutum","respiration rate",1.07833108700595,0.693848015807311,28.793596749235,28.2701152620548,FALSE,1.08483859227676,1.1548997555324,350,2752.79731633212,307.606,-12.6475648033987,FALSE,-19.1187938440251,0.992924876880367,0,9,NA,2.00956993277372e-07,"Terrestrial","Plantae","Streptophyta","Magnoliopsida","Malvales","Malvaceae","Gossypium","hirsutum","Vascular Plants","Autotroph"
"281",733,"MTD4097","Bryum argenteum","respiration rate",0.909450327557237,0.150180279781129,25.6727527829776,6.38367700910845,FALSE,0.911578274652889,0.0600453946672579,350,772.13657993885,310.938,-10.6193393789888,FALSE,-13.791994430375,0.997200723293935,0,4,NA,6.91561377154739e-06,"Terrestrial","Plantae","Streptophyta","Bryopsida","Bryales","Bryaceae","Bryum","argenteum","Mosses","Autotroph"
"282",737,"MTD4137","Abies alba","respiration rate",0.847285056151827,0.526232200259924,21.1240739379812,21.8067587356174,FALSE,1.01075960392182,0.196503499258172,308.865096009309,8.82343710657841,309.15,-12.5217119398517,FALSE,-4.69518701202071,0.94287222275368,0,5,NA,1.07558736043321e-06,"Terrestrial","Plantae","Streptophyta","Pinopsida","Pinales","Pinaceae","Abies","alba","Vascular Plants","Autotroph"
"283",738,"MTD4138","Euphorbia forbesii","respiration rate",0.537361652758605,0.263279218163581,6.5223752449075,10.8775617748884,FALSE,1.00534391637199,3.76220457171482,318.908481526123,94.8651607390788,302.115,-14.2518871944753,FALSE,-27.325287706486,0.99966680100203,0,4,NA,1.84592455395814e-07,"Terrestrial","Plantae","Streptophyta","Magnoliopsida","Malpighiales","Euphorbiaceae","Euphorbia","forbesii","Vascular Plants","Autotroph"
"284",739,"MTD4139","Claoxylon sandwicens","respiration rate",0.633973952938778,0.31896635685119,14.7713702813882,13.5306315655266,FALSE,0.648887390122192,0.0885660724040079,350,416.303561721583,302.174,-10.4487080363358,FALSE,-38.9686993284155,0.999926543172275,0,4,NA,1.0775766178546e-05,"Terrestrial","Plantae","Streptophyta","Magnoliopsida","Malpighiales","Euphorbiaceae","Claoxylon","sandwicens","Vascular Plants","Autotroph"
"295",750,"MTD4160","Pinus banksiana","respiration rate",0.601925186632379,0.0334836059279418,-1.93989365902415,1.36063088727815,FALSE,20.714259756118,3983242.07273305,303.361837696667,116609.410384783,303.15,-24.9913944103278,FALSE,-14.7542403421389,0.999414748202493,0,5,NA,2.80015036496031e-12,"Terrestrial","Plantae","Streptophyta","Pinopsida","Pinales","Pinaceae","Pinus","banksiana","Vascular Plants","Autotroph"
"324",813,"MTD4235","Prunus persica","respiration rate",0.21817051890754,0.0398206493097607,-5.59879319159859,1.59967847119001,FALSE,5.40294080216491,9543595.21134144,338.302264562749,435245681.173169,307.725,-13.8236059234149,FALSE,-3.13783068319244,0.783466662610706,4,10,NA,4.85809447622297e-07,"Terrestrial","Plantae","Streptophyta","Magnoliopsida","Rosales","Rosaceae","Prunus","persica","Vascular Plants","Autotroph"
"325",815,"MTD4237","Pinus radiata","respiration rate",0.0904873467274409,0.0488495711022307,-9.98517377889872,1.97211700492661,FALSE,3.33344522326865,2480674.45605545,350,288375448.706224,303.15,-13.4479387511539,FALSE,-20.6735956279986,0.543928091888076,0,14,NA,1.13086528205577e-06,"Terrestrial","Plantae","Streptophyta","Pinopsida","Pinales","Pinaceae","Pinus","radiata","Vascular Plants","Autotroph"
"327",817,"MTD4239","Colobanthus quitensis","respiration rate",0.412967829963233,0.0157415263855983,5.10950938018552,0.646116697667111,FALSE,3.49087594271069,938829.633803172,350,80722123.3722327,298.203,-10.9560905381777,FALSE,-28.7021520532477,0.996688347674275,0,9,NA,7.42854789263946e-06,"Terrestrial","Plantae","Streptophyta","Magnoliopsida","Caryophyllales","Caryophyllaceae","Colobanthus","quitensis","Vascular Plants","Autotroph"
"330",820,"MTD4242","Deschampsia antarctica","respiration rate",0.344125909542021,0.0163069098232569,2.37745853024231,0.669457753922767,FALSE,3.43537721872159,1887326.9204087,350,165919104.76226,298.366,-11.0026850691402,FALSE,-28.2865659987854,0.9955607430616,0,9,NA,8.11569062091541e-06,"Terrestrial","Plantae","Streptophyta","Liliopsida","Poales","Poaceae","Deschampsia","antarctica","Vascular Plants","Autotroph"
"333",823,"MTD4285","Populus tremula","respiration rate",0.363152287545029,0.0312747625988446,0.0773560850693548,1.20122100143508,FALSE,5.33740959650744,10075182.4659032,350,252964129.850591,318.4549,-13.1518439315659,FALSE,-15.1603737840043,0.986401747942659,0,6,NA,3.7312859273707e-07,"Terrestrial","Plantae","Streptophyta","Magnoliopsida","Malpighiales","Salicaceae","Populus","tremula","Vascular Plants","Autotroph"
"337",829,"MTD4298","Salsola divaricata","respiration rate",2.18888819006187e-13,1.22187369001815e-07,-12.5283008096869,0.0356420791815013,TRUE,3.76803186982236,1.09483161522216,251.186814049655,805740.214319237,289.6706,-12.5289387301915,TRUE,-25.0395867692678,0.840194283193536,17,0,NA,3.62259273275096e-06,"Terrestrial","Plantae","Streptophyta","Magnoliopsida","Caryophyllales","Amaranthaceae","Salsola","divaricata","Vascular Plants","Autotroph"
"338",831,"MTD4388","Betula nana","respiration rate",0.775171091410029,0.00783329178539909,6.45392547309083,0.331831241664688,FALSE,0.788155818399219,0.0129221760527864,350,21.0717605091588,308.1354,-23.7295080079941,FALSE,-250.663590059924,0.999957542040261,0,30,NA,9.09330360348131e-12,"Terrestrial","Plantae","Streptophyta","Magnoliopsida","Fagales","Betulaceae","Betula","nana","Vascular Plants","Autotroph"
"345",838,"MTD4303","Poa pratensis","respiration rate",0.433348153087524,0.151009858575194,3.4874956680435,6.0695032249067,FALSE,1.82384859590339,1.8740758618041,305.745141782895,1.5954058286247,303.15,-13.2548493100212,FALSE,-12.3168091606945,0.990259339831609,0,4,NA,6.35762929966833e-07,"Terrestrial","Plantae","Streptophyta","Liliopsida","Poales","Poaceae","Poa","pratensis","Vascular Plants","Autotroph"
"360",853,"MTD4518","Phaseolus vulgaris","respiration rate",0.349374860630702,0.0468089075031697,-0.552811835386066,1.75932412663462,FALSE,6.30025204446834,8238697.2787515,350,384209943.937883,321.0294,-13.1780499888069,FALSE,-9.47920233501021,0.911987250324412,0,8,NA,3.49404276065912e-07,"Terrestrial","Plantae","Streptophyta","Magnoliopsida","Fabales","Fabaceae","Phaseolus","vulgaris","Vascular Plants","Autotroph"
"357",850,"MTD4510","Arabidopsis thaliana","respiration rate",0.346137722275537,0.0467321762861597,0.252770145144227,1.74758874511358,FALSE,6.54081649682549,10037744.1935226,350,446359373.38078,322.4134,-12.2017953910901,FALSE,-7.63395663710032,0.916959832755124,0,9,NA,8.92869372791398e-07,"Terrestrial","Plantae","Streptophyta","Magnoliopsida","Brassicales","Brassicaceae","Arabidopsis","thaliana","Vascular Plants","Autotroph"
"374",872,"MTD4538","Eucalyptus globulus","respiration rate",0.480866274379851,0.00847461752094698,4.99910181575993,0.322040950110216,FALSE,4.01722955148915,0.260380696671925,333.466631398331,0.392501050405166,332.7571,-11.8615254818041,FALSE,-36.544317920151,0.997948285091317,2,10,NA,4.11913545213579e-07,"Terrestrial","Plantae","Streptophyta","Magnoliopsida","Myrtales","Myrtaceae","Eucalyptus","globulus","Vascular Plants","Autotroph"
