"","id","id_spp","id_process","E_sch","E_SE_sch","lnB0_sch","lnB0_SE_sch","lnB0Bug","E_D_sch","E_D_SE_sch","T_h_sch","T_h_SE_sch","T_pk_sch","P_pk_sch","P_pkBug","AIC_sch","r_sq_sch","AftPk","BefPk","MinVal","B0_renorm10"
"1","MTD3144","Zostera marina","net photosynthesis",0.589346885108523,0.165040915955325,8.75334189325483,6.83690554208325,FALSE,1.77445875259928,1.18190347512082,300.572950760134,2.62704716288641,298.15,-14.4287560011896,FALSE,6.2954028811326,0.920081332644622,2,5,NA,2.05033479198548e-07
"2","MTD3159","Cladophora glomerata","gross photosynthesis",1.28284046092603,7.18004362554511,60.3883592983702,306.335457402154,TRUE,1.28291386670403,7.09536055185715,350,81889.091661073,308.15,8.08143881355915,TRUE,22.2621635614122,0.573359738233538,1,5,NA,1425.48047729194
"3","MTD3160","Cladophora glomerata","net photosynthesis",NA,NA,NA,NA,NA,NA,NA,NA,NA,NA,NA,NA,NA,NA,5,1,NA,NA
"4","MTD3162","Cladophora glomerata","gross photosynthesis",0.407253421535846,0.233816458621274,24.448221001891,9.71201275776933,FALSE,1.4950704441725,2.30472208406284,301.687606458332,4.4363117676208,303.15,8.46199131076746,FALSE,8.77938656373509,0.777701608504925,1,6,NA,2330.90176280747
"5","MTD3163","Cladophora glomerata","net photosynthesis",NA,NA,NA,NA,NA,NA,NA,NA,NA,NA,NA,NA,NA,NA,5,1,NA,NA
"6","MTD3165","Cladophora glomerata","gross photosynthesis",3.29341046052104,0.987766978822549,146.595483779377,41.5749931911433,FALSE,3.87910431540776,0.931920819039122,283.620486293187,1.75965928229882,283.15,9.98982744564972,FALSE,11.4458931892806,0.796488484241617,4,3,NA,21803.5361785891
"7","MTD3166","Cladophora glomerata","net photosynthesis",0.913108096676279,0.863874021517478,48.0715441935295,36.4900361982506,TRUE,1.6103927243315,0.539265128633435,285.450038262077,3.81569806869693,283.15,10.0899117521647,TRUE,8.7569088455441,0.803826720525332,3,3,NA,24098.6656846711
"8","MTD3168","Cladophora glomerata","gross photosynthesis",0.300042167993341,0.225221122880619,21.5962017905332,9.16715318509708,FALSE,5.05873846866321,4.72762142773743,300.444989635556,5.45094897393398,298.15,9.90772848147083,FALSE,19.5394675676532,0.348229281822538,4,3,NA,10972.9114291455
"9","MTD3169","Cladophora glomerata","net photosynthesis",2.60544100691271,2.00607329856955,118.917508629876,84.8715129824657,TRUE,2.72907483706068,1.88294150373273,284.580809703957,4.50953481126693,283.15,9.60425051367255,TRUE,7.79469669104108,0.574031402155086,3,3,NA,14827.6730373424
"10","MTD3171","Cladophora glomerata","gross photosynthesis",4.54811738569555,2.1292147830006,199.939792404051,89.8968732486903,FALSE,4.77190366794517,2.0563250592475,282.361947269226,2.7274750575819,283.15,10.0135011165461,FALSE,16.10584591665,0.480637297433811,1,6,NA,22325.8642353671
"11","MTD3172","Cladophora glomerata","net photosynthesis",1.6787484999026,0.702886671687484,80.1622087401065,29.8109364829645,TRUE,1.73648440880498,0.617791458011527,290.900744054691,4.04985582996354,293.15,9.80723026048079,TRUE,-6.30493890282922,0.917561363054227,0,6,NA,16346.8699068295
"12","MTD3174","Cladophora glomerata","gross photosynthesis",1.8932073504619,0.675845067708984,87.789710019883,28.2918596599684,FALSE,2.67338693130435,0.561860212349175,288.339322411244,2.65747769019732,288.15,10.3870701819151,FALSE,16.0448242050395,0.686302152280707,3,4,NA,20578.8532981885
"13","MTD3175","Cladophora glomerata","net photosynthesis",1.0757918951412,0.587853857113479,55.9246620571137,25.0615219939667,TRUE,1.25990845493107,0.482657743005475,286.81714665592,2.33903661272617,288.15,10.4854728703981,TRUE,-10.986613472773,0.895174429153374,4,2,NA,34792.404304589
"14","MTD3177","Cladophora glomerata","gross photosynthesis",17.3641770321497,0.00372390019496512,743.791835099569,0.225781206089331,TRUE,17.50447366621,0.00509888206082665,276.374634926849,0.0518789851692359,278.15,10.0679793288818,TRUE,10.8367994090358,0.509070642358875,2,4,NA,21262.794255147
"15","MTD3178","Cladophora glomerata","net photosynthesis",0.372263197352722,0.0896253524224044,25.7288452121115,3.77097365611472,TRUE,1.41466141565922,0.133779828892025,288.334418069309,0.943425000907206,288.15,10.4456089339679,TRUE,-15.742822616601,0.975405801801702,3,3,NA,31515.4240000191
"16","MTD3180","Cladophora glomerata","gross photosynthesis",0.645673340517214,0.0668791364157363,37.0309614637915,2.80097890057026,TRUE,1.86274291713973,0.0699285251595989,288.421412229552,0.49615073729313,288.15,10.634430351801,TRUE,-17.3006714262203,0.992484248994355,3,3,NA,34667.586285423
"17","MTD3181","Cladophora glomerata","net photosynthesis",0.090445396661516,0.115518059351276,13.8733255439079,4.73973221069462,TRUE,5.18625515315224,1.68748924625091,293.611393037346,2.16310405259352,293.15,10.2813240015985,TRUE,4.06903537983598,0.810666657214695,3,3,NA,26047.6134970024
"18","MTD3276","Porphyra perforata","net photosynthesis",0.637984873624376,0.127066750768883,12.7256362115541,5.12925745982634,FALSE,5.26427779700702,1.30100329546745,299.466897234437,1.09305160896017,298.17016,-12.1517401159085,FALSE,6.12621021888683,0.807514172132555,3,4,NA,1.49524676763556e-06
"19","MTD3277","Koliella antarctica","gross photosynthesis",0.382548523452394,0.0172230085914259,0.0916634502420226,0.697632078933212,FALSE,3.25529711503877,0.344802241276238,301.450338766531,0.45001412651934,303.15,-14.7857544628232,FALSE,-24.3811112880234,0.994547334621774,2,4,NA,1.7097331116652e-07
"20","MTD3279","Chlorella saccharophila","gross photosynthesis",1.23830058444904,0.363188072492017,35.5462465525796,15.2459326252885,FALSE,1.25683449266537,0.266944484391106,309.302465147059,32.5487005814199,308.15,-15.115364067313,FALSE,-13.0580001076579,0.972501195624119,1,5,NA,1.36338331675164e-07
"21","MTD3281","Chlorella sorokiniana","gross photosynthesis",2.14010630179027,0.523382236798795,71.3310915989307,21.700361683701,FALSE,2.14040245104648,0.433821256222936,321.156394608072,2392.75734192075,313.15,-14.8608339861138,FALSE,5.06686349496126,0.874315560657068,1,6,NA,6.46732298977141e-08
"22","MTD3327","Chondrus crispus","net photosynthesis",0.621374368530594,0.223613379850083,12.9064939870132,9.28539744562786,FALSE,1.79063904769238,0.928695913257467,296.541261165386,2.76274062418094,298.923067,-11.8652875023141,FALSE,3.07591511014617,0.879475537082784,2,3,NA,3.47132284372727e-06
"23","MTD3328","Gigartina stellata","net photosynthesis",0.36887372580763,0.0822104046209645,1.780268371254,3.3933178728025,FALSE,2.12367853872485,1.04119568974345,297.821313398104,1.93964748217863,299.180497,-12.7901071010249,FALSE,-6.10251496201606,0.944919045407416,2,3,NA,1.61571853713199e-06
"24","MTD3333","Egeria densa","net photosynthesis",0.970387212990042,2.53117545251326,29.223793896247,101.787885445848,FALSE,2.35405671069389,1.1936535042109,294.709935303083,3.83907211307954,293.135662,-9.53469050448502,FALSE,7.02092581179252,0.707912153526035,2,2,NA,2.62004510719076e-05
"25","MTD3334","Hydrilla verticillata","net photosynthesis",4.38289866902132,1.05353302384409,165.124122345504,42.2750331735254,FALSE,4.96939041541597,0.938288570636071,294.900748082803,0.801045168027246,297.256993,-9.51437068256269,FALSE,-7.01733514813369,0.984962415829423,2,2,NA,5.30369228921617e-07
"26","MTD3363","Eucheuma isiforme","net photosynthesis",2.26968439682602,0.625628341730635,71.6957726589842,25.2604992347342,FALSE,4.1825747749878,0.534901246031771,293.356775135824,0.919522319680675,294.131674,-18.8653442974954,FALSE,8.14631768034834,0.931766058417218,4,3,NA,5.62611664986554e-10
"27","MTD3364","Eucheuma isiforme","net photosynthesis",0.452772771204196,0.10603559617445,-0.655048139368467,4.2837456673032,FALSE,1.94189372802262,0.167438384748182,296.754655639538,0.714959598865383,297.199,-18.6217913906794,FALSE,-17.141665784519,0.968231708347608,4,3,NA,4.52577980656852e-09
"28","MTD3365","Eucheuma nudum","net photosynthesis",1.56074561946295,0.476732806853437,43.8643278754178,19.0954284188781,FALSE,6.29809629323692,0.770504371508375,296.12533906607,0.95032346608342,297.144951,-17.6391958707002,FALSE,14.4660294885387,0.679769265253155,4,3,NA,1.90092228564153e-09
"29","MTD3366","Eucheuma acanthocladum","net photosynthesis",2.09024020882038,0.53795379392677,64.9449809131409,21.657065570789,FALSE,4.40338366220149,0.497282800679523,295.035639639801,1.04167330664056,294.207571,-17.9170130811677,FALSE,10.0884598719206,0.894130102257803,4,3,NA,1.02887203368521e-09
"30","MTD3367","Eucheuma gelidium","net photosynthesis",1.22271020913465,1.13175390811273,30.7112878642459,45.7385622526237,FALSE,2.78693227043003,0.818791160677692,293.678113370166,2.47105351394796,294.16353,-18.1700817318714,FALSE,17.0168613213151,0.474674655695905,3,4,NA,3.76588603453051e-09
"31","MTD3381","Synechocystis sp.","net photosynthesis",0.655120676370643,0.252682299312624,11.5083300996681,9.95369627606314,FALSE,4.39398780788221,45.0032121049182,307.223268832987,28.8390480640928,306.046908,-13.4130501565111,FALSE,-1.79363288606001,0.97115322108702,0,5,NA,2.19350529822695e-07
"32","MTD3382",NA,"net photosynthesis",1.20781093287058,0.863355751578381,33.650623876882,35.1105240013922,FALSE,1.21234442797033,0.195916436194409,338.991522254634,1651.29775079245,306.046908,-13.5339367258573,FALSE,-16.2207253825866,0.994916193565963,0,5,NA,1.23577718898035e-07
"33","MTD3386","Zostera marina","net photosynthesis",0.313371661873481,0.340070759629903,-11.5895825288388,14.2323750718253,FALSE,1.02160526685964,0.622721795575826,294.049196086596,2.55397597292289,292.178605,-24.3260181874325,FALSE,-12.6829948971496,0.754948785521361,3,3,NA,2.24808024875858e-11
"34","MTD3387","Ruppia maritima","net photosynthesis",0.255618004521741,0.0911968038577583,-13.9373708634995,3.70473951542157,FALSE,2.85585774515199,2.90699622062954,298.71092228935,2.27867929850266,299.320866,-23.9606981605696,FALSE,-9.48611539511234,0.90851410823388,2,4,NA,2.50409639502798e-11
"35","MTD3388","Asterionella formosa","net photosynthesis",0.637335087000231,0.0976346239633777,5.18289726060643,3.98071702053838,FALSE,8.17089839659446,9.83074822753186,291.617405878874,0.87927246765944,291.249426,-20.2577619614799,FALSE,0.251531346512051,0.637456038106627,9,10,NA,8.13772832712173e-10
"36","MTD3389","Thalassiosira pseudonana","net photosynthesis",1.30507367142505,0.372851960509237,47.3215635947834,15.022731520441,FALSE,29.9420810998775,7.71181817788935,301.115771532199,0.639203675927043,299.662836,-3.20227459563133,FALSE,47.9439735201729,-0.936521057885229,3,9,NA,0.00213655394875381
"37","MTD3390","Skeletonema marinoi","net photosynthesis",0.293301867458161,0.0723496506380094,7.30007620683685,2.89194354442031,FALSE,20.4257304612946,1.51734046000426,298.417638135812,0.279866723162915,298.780232,-4.12561641479797,FALSE,0.427984371149906,0.757784762668902,7,6,NA,0.008943899047029
"38","MTD3391","Pseudo-nitzschia fraudulenta","net photosynthesis",2.30520308877786,0.527494229809296,87.8617463569726,21.4731594164019,FALSE,7.65085154338755,1.8547438836413,292.234387356594,1.19391480632741,292.710736,-4.03444976452927,FALSE,38.7441634327878,0.425761089625192,7,5,NA,0.00138138511706459
"39","MTD3392","Emiliania Huxleyi","net photosynthesis",4.20402075820184,0.651736903080641,165.199591845047,26.9173890745773,TRUE,5.15135701808899,0.637881492176844,290.100144043907,1.15530266423348,290.625496,-4.61960414777539,TRUE,30.0311192574595,0.636176015949709,4,8,NA,0.00084933715046617
"40","MTD3393","Isochrysis galbana","net photosynthesis",0.220018642713278,0.0818327023442029,4.30627168527316,3.30940295128661,TRUE,8.90866044570351,2.7611263623635,295.098747524475,0.993068385391592,295.072651,-4.36812444985783,TRUE,-3.34529887987442,0.789937374931986,5,4,NA,0.00902186758305744
"41","MTD3394","Isochrysis galbana","net photosynthesis",0.885308958795181,0.248888360595174,29.9994665916335,9.95105430659149,FALSE,50,20.0121641839422,306.334803169277,0.51001633338967,303.270747,-3.86600067183233,FALSE,48.6054537351582,-0.572053188682192,6,8,NA,0.00188751582540311
"42","MTD3395","Pavlova lutheri","net photosynthesis",0.659798627133568,0.193781821018099,21.0488961473675,7.77711283200637,FALSE,25.1254038943313,4.13598471812154,300.570623717345,0.411492608680972,299.656878,-4.49597426900521,FALSE,25.5727766955326,0.416171615344623,3,8,NA,0.00251951523958722
"43","MTD3397","Elodea canadensis","net photosynthesis",1.05575250106474,0.188632831120355,18.7476699356008,7.74265705341517,FALSE,1.53984380524132,0.089384817550928,298.647039854929,0.78911725530031,298.148959,-23.4212306256884,FALSE,-13.319252001304,0.983050473718714,1,4,NA,2.09921485772913e-11
"44","MTD3398","Cladophora glomerata","net photosynthesis",1.32960658851231,0.284652057396208,29.6729653453561,11.6732992123178,FALSE,2.04191628811208,0.141724373482659,294.383242675231,0.820135594278975,293.120615,-23.7907973388504,FALSE,-10.1231079109801,0.985028211417867,2,2,NA,1.57186501733066e-11
"45","MTD3399","Spirogyra Link","net photosynthesis",1.46792518460246,0.380478395218481,36.0824982690088,15.6096419219559,FALSE,2.09765633370108,0.200052801478696,294.098088877435,1.01265928988789,293.057946,-23.0336311328359,FALSE,-7.9187636811346,0.977174488026439,2,2,NA,3.24720872036516e-11
"46","MTD3403","Chlorella vulgaris","net photosynthesis",0.872199163190915,0.614315018529966,39.955729466359,25.3469483841654,FALSE,2.35563829435789,0.513619305550421,288.651127116875,2.03763712804459,287.504123,4.42346098916001,FALSE,16.3969625636014,0.919940475871716,5,3,NA,62.2751382091109
"47","MTD3404","Chlorella vulgaris","net photosynthesis",4.31794339460891e-06,0.296629295364423,0.098686507749878,12.1089832749615,FALSE,1.31590531560307,2.38074721122379,250.000104797132,281177.923154303,278.175357,0.0969151893687126,FALSE,15.7072027434119,0.395152930135531,8,0,NA,1.09893535012192
"48","MTD3405","Isochrysis galbana","net photosynthesis",0.650238432348246,0.248485302279686,28.4141245370959,10.1170351174531,FALSE,3.21638712689115,0.772837873802299,296.001908019493,2.15537967792127,297.793324,2.65086631308547,FALSE,9.84552092355898,0.671067816874697,4,2,NA,5.88496408027
"49","MTD3406","Isochrysis galbana","net photosynthesis",1.37922070680811,395804.337367719,66.6745025005346,16566732.0817881,FALSE,1.39310961989494,395803.973742046,250,8080832.14533384,278.4693884,-1.99054528596811,FALSE,17.9626962133865,-0.0234955501386338,6,0,NA,0.13532153760164
"50","MTD3407","Synechococcus sp.","net photosynthesis",0.907322694925191,0.185971195868224,39.4312581335126,7.53587183085029,FALSE,3.30864411743503,0.465308250565212,299.034384405581,1.54805985866499,297.645283,3.8791319759265,FALSE,9.94024462786467,0.932357043767353,3,4,NA,9.55526237710164
"51","MTD3408","Synechococcus sp.","net photosynthesis",0.229734315481513,0.108272771892345,10.1529601898295,4.3361409158193,FALSE,5.07550617164047,2.18571284938365,304.763307573906,2.6756118299415,303.09048,1.34358325814464,FALSE,7.74349160933795,0.774026674945782,3,4,NA,2.09703430783956
"52","MTD3409","Aldrovanda vesiculosa","net photosynthesis",2.29443225766004,1.97795698100104,97.8155544540924,80.1226482005035,FALSE,2.29494965908703,1.81113950931454,317.042719799587,1336.60570654763,307.088515,5.45986653784698,FALSE,-12.6765435005969,0.737471317238429,3,16,NA,37.9209317167127
"53","MTD3411","Cymodocea nodosa","gross photosynthesis",0.604464525465491,1.53658168285291,8.24917321907981,65.8226217572764,FALSE,0.621182251663864,0.684082995518766,350,2105.25025491038,304.145758,-15.7706933283699,FALSE,-11.2240617740832,0.988940976267388,0,4,NA,5.24640365158098e-08
"54","MTD3412","Posidonia oceanica","gross photosynthesis",0.979521297604762,0.378818844111563,23.1073523569228,15.7189765801106,FALSE,0.983056629180632,0.159924157543762,349.221891327617,1426.26138137104,308.913695,-15.2684745621774,FALSE,-12.0526793883813,0.995569344173445,0,5,NA,3.55621834375409e-08
"55","MTD3445","Lemna minor","net photosynthesis",1.1919456896358,0.476407403081178,35.6912233344776,18.9891016896575,FALSE,4.29957155996626,0.994061734858261,302.827469296952,2.69437801201132,303.078253,-10.2972263590508,FALSE,24.102126639295,0.623826493731039,3,4,NA,1.95730291785787e-06
"56","MTD3446","Spirodela punctata","net photosynthesis",1.41039854994045,0.496174514764152,44.2412689110444,19.8239944672441,FALSE,4.15940219699058,0.833299983530638,302.169276753959,2.5693914551676,303.085268,-10.3483468246799,FALSE,23.5593988819317,0.693385559371138,3,4,NA,1.31177593143221e-06
"57","MTD3447","Myriophyllum spicatum","net photosynthesis",0.634024370537316,0.105721967872153,24.6124620313492,4.34036513443068,FALSE,1.4324197179633,0.338903971433239,305.846330012798,1.56095110291568,308.272784,-0.0437249841899998,FALSE,-3.22392766055745,0.957456284767712,4,6,NA,0.253023598307225
"58","MTD3448","Vallisneria americana","net photosynthesis",0.759045079406624,0.124799484130764,29.1595475796102,4.97321934333844,FALSE,2.33484933669566,0.686443269449889,305.629013717336,1.00626091347874,304.097817,-0.0657375337259936,FALSE,-4.27244379005168,0.928893572323588,6,12,NA,0.143749411275601
"59","MTD3449","Myriophyllum salsugineum","net photosynthesis",0.384808210410255,0.0653491997733101,0.117252230024478,2.5868394061541,FALSE,31.4691769617398,29331012.6901013,307.453309131432,403566.028241889,308.15,-14.5363164487487,FALSE,-13.4462391132076,0.954811126325526,1,7,NA,1.59901060322338e-07
"60","MTD3451","Myriophyllum salsugineum","gross photosynthesis",1.3063883788223,3.52737070506608,38.3354531417942,144.035310535337,FALSE,1.37174583122394,2.8839957604132,304.084022002673,22.1796276805084,303.15,-14.5483779007357,FALSE,0.642634324361879,0.585629796781142,2,6,NA,1.78747294564153e-07
"61","MTD3452","Zostera muelleri","net photosynthesis",NA,NA,NA,NA,NA,NA,NA,NA,NA,NA,NA,NA,NA,NA,0,3,NA,NA
"62","MTD3470","Cylindrotheca closterium","net photosynthesis",0.723829547137069,0.180101170842006,15.5320771783128,7.20073998016844,FALSE,10.3582230176691,1.67430067528609,305.672888550445,1.0122438578476,303.024208,-12.1813074481086,FALSE,16.5606832783427,0.498754765552996,4,3,NA,7.34617293726275e-07
"63","MTD3471","Cylindrotheca closterium","net photosynthesis",0.44287503168249,0.0555212491474245,4.43017099043761,2.21758615361226,FALSE,7.37999368895569,0.414699753571587,304.17291829165,0.406029524812049,303.027651,-12.5463854249896,FALSE,-2.08904628529308,0.975022770092643,2,4,NA,1.10590628565165e-06
"64","MTD3472","Zostera noltii","net photosynthesis",NA,NA,NA,NA,NA,NA,NA,NA,NA,NA,NA,NA,NA,NA,5,1,NA,NA
"65","MTD3473","Zostera noltii","net photosynthesis",0.0135214446282995,0.113399629314317,-13.8715409792344,4.48927597581264,FALSE,3.57237994829535,2.37831406519983,295.447259009353,12.7240202563335,296.15,-14.4064953348861,FALSE,-7.94931987554237,0.885493036436015,3,3,NA,5.43336952004914e-07
"66","MTD3474","Mastocarpus papillatus","net photosynthesis",0.559898174887701,0.352322959445438,4.70268851791573,13.9463780929541,FALSE,23.3336283784622,1241475.28021347,306.658976096671,60008.7130587686,303.096997,-16.7272126454304,FALSE,5.24857274289724,0.874295324721029,1,3,NA,1.20177790874435e-08
"67","MTD3475","Mastocarpus papillatus","net photosynthesis",NA,NA,NA,NA,NA,NA,NA,NA,NA,NA,NA,NA,NA,NA,3,1,NA,NA
"68","MTD3476","Mastocarpus papillatus","net photosynthesis",0.173141692010078,0.372621854973392,-11.4319489209039,15.0065855415774,FALSE,1.7141244459584,2.68572120302009,298.911213781765,5.57380084122364,298.114664,-18.2595350416076,FALSE,-4.5659872478028,0.74087981161622,2,2,NA,8.97793295249514e-09
"69","MTD3480","Cyanidium caldarium","net photosynthesis",0.488358484733927,0.064295067495295,6.48143297064846,2.39553019708057,FALSE,6.09320781795855,0.602196459048183,324.327677155784,0.652027567156211,322.110735,-11.1262188015833,FALSE,-1.16012126359967,0.957288003894317,3,4,NA,1.33432599398812e-06
"70","MTD3481","Cyanidium caldarium","net photosynthesis",1.49953878060892,3.08257879696251,46.5617847794533,117.842982411543,FALSE,2.33826331805394,2.92849031107093,310.825370761562,6.19847798124076,311.36899,-10.4333775956412,FALSE,21.9821413644025,0.572815045412904,3,3,NA,3.46246262720702e-07
"71","MTD3482","Cyanidium caldarium","net photosynthesis",1.08603113886337,0.47400742505899,29.6581174312396,17.9145328435017,FALSE,2.45807862075378,0.394104579891168,317.85578689259,2.27952334936871,321.25994,-10.6737294429225,FALSE,9.14275999685483,0.984891595091834,4,2,NA,3.59828947073599e-07
"72","MTD3484","Desmarestia anceps","net photosynthesis",0.345774184749286,0.0404717487585759,-0.993094461138277,1.7163495680908,TRUE,1.21192614650391,0.079624603418179,288.309901742572,0.380386759289281,289.094232,-15.2439768981098,TRUE,-28.122382315039,0.998151858557472,2,2,NA,2.23961212864527e-07
"73","MTD3486","Palmaria decipiens","net photosynthesis",0.56990013383554,0.0276763601835322,7.66254440482115,1.13903651068482,TRUE,5.94066669248461,0.0687835685643641,290.325712262699,0.120641124941204,289.02242,-15.2481312125008,TRUE,-16.1970266739417,0.998466829581013,2,2,NA,1.53883260744455e-07
"74","MTD3490","Ascoseira mirabilis","net photosynthesis",4.09607995857161e-09,0.00174434498330534,-15.073436916443,0.0847063296912598,TRUE,2.86522378332094,0.403725759425055,250.222555155433,802172.879105143,274.5518692,-15.0736222077864,TRUE,-16.8387573437787,0.996091290617968,4,0,NA,2.82179193918556e-07
"75","MTD3492","Potamogeton pectinatus","gross photosynthesis",0.402765270978815,0.0979289283170812,0.586616430789314,4.09349533192483,FALSE,0.914020478671972,0.199098383262076,303.834306137121,1.17269658428597,305.92087,-15.3796861847941,FALSE,-16.5558801892685,0.991538345385269,1,4,NA,1.1540772008636e-07
"76","MTD3493","Potamogeton pectinatus","net photosynthesis",0.0505949996083755,0.0207793529519283,-14.2053384881402,0.844477967252536,FALSE,1.96282963448619,0.342471177804369,297.461543573422,1.26659980733199,299.260125,-16.2077328369163,FALSE,-21.6729902881026,0.990242779187558,2,3,NA,8.51529715626103e-08
"77","MTD3495","Potamogeton pectinatus","gross photosynthesis",0.778316666670642,1.82641448186515,16.8121299644003,77.7605306992092,FALSE,0.779069801750955,1.57671835937472,350,4594.58375441794,313.329985,-15.9429699413486,FALSE,-5.30521285982795,0.813300894319153,1,4,NA,8.52253374119758e-08
"78","MTD3496","Potamogeton pectinatus","net photosynthesis",NA,NA,NA,NA,NA,NA,NA,NA,NA,NA,NA,NA,NA,NA,4,1,NA,NA
"79","MTD3498","Potamogeton pectinatus","gross photosynthesis",0.774151152470643,1.4580644914582,16.155507173376,61.9648034118613,FALSE,0.775510884857215,1.12260727271442,350,3455.39838871027,312.776415,-15.8799860247878,FALSE,-3.56976229442786,0.856202435546268,1,4,NA,7.52304052627743e-08
"80","MTD3499","Potamogeton pectinatus","net photosynthesis",0.0729784823491924,0.0143803359692594,-13.7261643939767,0.577975419542499,FALSE,17.660066152773,110311.277747641,310.088406409402,14417.689695875,305.90034,-16.4937921592189,FALSE,-21.8180823963612,0.993578082303994,1,4,NA,5.49873285348687e-08
"81","MTD3501","Potamogeton pectinatus","gross photosynthesis",0.307015300116603,0.056674978597647,-4.11161173080779,2.34719734841915,FALSE,1.05318351777897,0.268820861720268,304.305495270564,1.01310708179448,306.072504,-16.166186841847,FALSE,-19.4203466463497,0.99350399952354,1,4,NA,5.5293739794918e-08
"82","MTD3502","Potamogeton pectinatus","net photosynthesis",0.00897749087042529,137.804281951853,-16.4484424905627,9218.56050378419,FALSE,0.0723893532636544,441.118812457105,250,110609.949350584,279.724724,-17.0050041392664,FALSE,12.8643558418069,0.0105527984809491,2,3,NA,4.11227575237763e-08
"83","MTD3504","Potamogeton perfoliatus","gross photosynthesis",0.217805556171619,0.0199241433694148,-7.2493045846206,0.79203678084091,FALSE,8.83823497980786,1.35449974240923,310.783363199458,0.520554845158368,306.04007,-15.5057172411403,FALSE,-15.9155767777209,0.983855843780647,1,5,NA,9.46568214705222e-08
"84","MTD3505","Potamogeton perfoliatus","net photosynthesis",0.00414543771899442,0.0182613661220943,-15.3439772033475,0.75644116287891,TRUE,1.02763118964551,0.453964302832317,282.476496877541,18.9345584036279,284.94078,-15.51856989312,TRUE,-31.8617290743559,0.987427071635268,5,0,NA,1.82176872524835e-07
"85","MTD3507","Potamogeton perfoliatus","gross photosynthesis",0.207530502412163,0.0318262834039215,-7.57757146281391,1.26491828677209,FALSE,7.97827541608433,1.63828845277629,310.33488516508,0.76430381538658,306.201815,-15.4406613079782,FALSE,-9.38284300843641,0.97271256853207,2,4,NA,1.03852322197155e-07
"86","MTD3508","Potamogeton perfoliatus","net photosynthesis",NA,NA,NA,NA,NA,NA,NA,NA,NA,NA,NA,NA,NA,NA,4,1,NA,NA
"87","MTD3510","Potamogeton perfoliatus","gross photosynthesis",0.229632498314043,0.0348616002148279,-6.93091507019914,1.38491672244414,FALSE,6.62804556583239,1.70631731674218,309.898930974991,0.933041233670204,305.835513,-15.6426438936995,FALSE,-8.68912085152223,0.945213578316186,2,4,NA,8.01649394382206e-08
"88","MTD3511","Potamogeton perfoliatus","net photosynthesis",0.0127145125160111,0.0162864106477072,-15.3962695411921,0.656637788313125,TRUE,2.93263870604331,2.03181395925476,300.785613656565,4.5295294532071,299.38675,-15.8915074039296,TRUE,-22.3677285852229,0.964287044590368,3,2,NA,1.22249823134075e-07
"89","MTD3513","Potamogeton perfoliatus","gross photosynthesis",0.275476862481426,0.0619295499865893,-5.13982434274626,2.46465506089926,FALSE,4.89903456732514,2.097659952547,308.645816222219,1.82873945772851,306.131052,-15.5921447857637,FALSE,-0.584417189533305,0.864437605703442,2,4,NA,7.34708880555149e-08
"90","MTD3514","Potamogeton perfoliatus","net photosynthesis",0.857034301496133,17.1343925500343,20.9138511292303,735.112118237165,TRUE,0.857173767500898,16.4787798927922,350,59849.7620614482,313.134013,-16.2204592255527,TRUE,8.36802581302941,0.114918923980224,1,4,NA,8.00684107382294e-08
"91","MTD3516","Callitriche obtusangula","gross photosynthesis",0.114033230993508,0.00469316688511064,-10.0983045914781,0.186839553133583,FALSE,5.45600907058728,0.0480482419689031,306.0972555289,0.0776464901985595,306.226195,-14.4413069734475,FALSE,-36.6278832346303,0.999526004927217,2,4,NA,3.8487168633482e-07
"92","MTD3517","Callitriche obtusangula","net photosynthesis",0.0266238428261514,0.0188422828648294,-13.5517469831112,0.757343517933983,TRUE,20.125970739223,67529.9397218705,309.088656102118,7716.55414512068,306.29631,-14.5601225007787,TRUE,-18.5071665734068,0.984729927682458,1,4,NA,4.37341512846024e-07
"93","MTD3519","Callitriche obtusangula","gross photosynthesis",0.160171690743198,0.0211867582313531,-9.0097187271231,0.852681732920199,FALSE,4.41667106746494,1.3727334052779,305.156035983782,1.80356230562957,305.946284,-15.139576644344,FALSE,-17.3624758806184,0.993950728911357,1,4,NA,1.72631397285022e-07
"94","MTD3520","Callitriche obtusangula","net photosynthesis",0.0247417921018858,0.0111412461260087,-14.7628488756005,0.453143692075738,TRUE,19.4594299050822,4309164.26213265,304.737939474457,173514.716786772,299.220883,-15.7220992733994,TRUE,-26.0696436106851,0.943059928809616,1,3,NA,1.40712938963662e-07
"95","MTD3522","Callitriche obtusangula","gross photosynthesis",0.234017110391568,0.0484478608095111,-6.44683341026133,1.95395328291776,FALSE,3.13458805660995,2.07990788052519,305.852682921291,3.07508472765469,306.075407,-15.4009084476181,FALSE,-8.38121097454965,0.97385991688744,1,4,NA,1.08692228154518e-07
"96","MTD3523","Callitriche obtusangula","net photosynthesis",0.0609910513036488,0.0633172391828689,-13.8772662847187,2.54587908711468,FALSE,19.3195223526051,1551507.35508838,310.221379336461,201154.170170569,306.017134,-16.1894010253198,FALSE,-3.88151076921343,0.928977990310026,1,4,NA,7.72569954220789e-08
"97","MTD3525","Callitriche obtusangula","gross photosynthesis",0.281072606717607,0.0809255936926792,-4.44325541005835,3.30252151966231,FALSE,1.62005366657136,0.653751300245583,302.767514441433,2.38444285839448,299.373663,-15.4338141071779,FALSE,-7.71877190160176,0.953308763854797,1,4,NA,1.16903987093665e-07
"98","MTD3526","Callitriche obtusangula","net photosynthesis",0.0889823188358929,0.017995096537133,-12.6041376174108,0.724770573094909,FALSE,3.4223312379681,0.760056571891906,303.384266872941,1.46300418383941,299.368235,-16.0569265710108,FALSE,-19.9327402827292,0.992457977854119,1,4,NA,8.765727781228e-08
"99","MTD3528","Callitriche obtusangula","gross photosynthesis",0.141275478597715,0.0446269412793177,-9.73680492413745,1.79465863024034,FALSE,4.61414140116982,16.5283686143237,307.766799727843,12.2609495552777,305.667483,-15.1081209622754,FALSE,-8.67599391256878,0.928282430101847,1,4,NA,1.80958649128163e-07
"100","MTD3529","Callitriche obtusangula","net photosynthesis",0.022904232345914,0.0421726243221173,-14.832327111134,1.69428437978976,FALSE,17.5948033691516,746644.890247885,309.628809774582,126818.69860033,305.550932,-15.7019379823941,FALSE,-8.90099519125414,0.958718753642237,1,4,NA,1.41532628109621e-07
"101","MTD3550","Acanthophora spicifera","net photosynthesis",1.62680384440933,0.322376127794982,52.5395689777403,12.7900709899436,FALSE,4.32566182423668,0.977310088686634,304.831825816045,1.80977698796293,303.238505,-9.92288736995169,FALSE,11.1952761956515,0.822815602266689,1,4,NA,7.43310045171661e-07
"102","MTD3551","Gracilaria verrucosa","net photosynthesis",1.04873607235477,0.199300632705911,30.0845422203724,7.93335576478529,FALSE,3.34208743467745,0.484902660468626,303.523028306974,1.39208171850435,303.157614,-10.3781943502757,FALSE,3.66880270033519,0.906602067015468,2,3,NA,2.54029369530301e-06
"103","MTD3552","Bostrychia binderi","net photosynthesis",0.984452712564926,0.0356801903608764,26.1305010613397,1.39404910770377,TRUE,7.73771330388058,0.233343687951896,307.782553348693,0.208199952162922,308.97272,-11.2029213015773,TRUE,-16.3429663536853,0.999628610751214,1,3,NA,6.78436971752778e-07
"104","MTD3553","Cladophora repens","net photosynthesis",1.41913153170942,0.371633351343377,42.3189795043438,14.7935627271571,FALSE,2.956222396986,1.13357399185114,306.294416986837,2.54847403194523,309.293887,-12.2271417468535,FALSE,11.2597212937705,0.962878969106261,2,3,NA,1.34150526591844e-07
"105","MTD3558","Catenella repens","net photosynthesis",5.14371294510196,1.76070215953632,192.014820834648,70.9899813772634,FALSE,5.76407509564213,1.72988300305397,296.120608542393,2.45956357248758,297.312521,-11.7574209461755,FALSE,18.9138710147265,0.330800952942394,1,4,NA,7.35182768241239e-09
"106","MTD3559","Spyridia filamentosa","net photosynthesis",1.96501390208477,0.689822267589848,65.4028889255328,28.0393710802727,TRUE,1.96588265942069,0.39870132540858,327.067741784731,2382.56704404952,309.162142,-12.042101259692,TRUE,-0.401962322925208,0.966148853398937,0,4,NA,2.63275924164604e-07
"107","MTD3560","Gracilaria verrucosa","net photosynthesis",0.668362202952281,0.0605989438490356,13.7518965976101,2.42465980043937,TRUE,3.08169377521227,0.867261413992596,304.200409155716,0.742594943758189,303.273869,-11.9913147108908,TRUE,-12.7373545545915,0.997768810516081,1,3,NA,1.20191948198018e-06
"108","MTD3561","Bostrychia binderi","net photosynthesis",1.66887745184087,0.415110311852935,52.3470245492559,16.5620642132889,FALSE,2.99565110622142,0.770346615282065,304.881302684055,2.35784272201229,303.201064,-12.0188366356199,FALSE,10.9831539424933,0.887350933342732,1,4,NA,1.09352323542399e-07
"109","MTD3566","Chlorella vulgaris","net photosynthesis",1.49053633095764,0.55053133851782,62.3846430097075,23.3984768767792,FALSE,1.49058497375203,1.88989128574861,350,308515.657717425,301.15,2.55606853557529,FALSE,9.28365477844531,0.911645123274776,0,5,NA,2.95112498202476
"110","MTD3567","Chlorella pyrenoidosa","net photosynthesis",0.833213394839149,0.193188358388812,34.5703757317961,8.30645662676232,FALSE,0.839971905401432,0.43434996449484,350,1161.0999948973,301.15,1.61986873192852,FALSE,-15.3110407661221,0.997978831544084,0,5,NA,1.31505192231986
"111","MTD3568","Klebsormidium flaccidum","net photosynthesis",0.886211714768778,0.260364989447001,36.3885594924191,11.093751849093,FALSE,0.890527815840315,0.372948937414477,350,1702.622589269,301.15,1.25281018749347,FALSE,-17.1583852785728,0.996010797561615,0,6,NA,0.907554366605568
"112","MTD3590","Fontinalis antipyretica","gross photosynthesis",2.51126929804715,1.69371317435802,99.2579393678837,72.2563147063418,FALSE,2.5113835573249,1.80871875014501,308.98330995094,4938.13050286048,300.15,-5.02731496786613,FALSE,-1.44854982807978,0.946182028256121,0,4,NA,0.00525959510230492
"113","MTD3612","Mougeotia","net photosynthesis",0.428449001726645,0.0727388034382972,11.1910813114661,2.94295346265528,FALSE,3.86669339829165,0.647776058034207,299.3740601752,1.05953904967401,298.15,-5.54493070847611,FALSE,-3.59068999905407,0.929550999190522,2,4,NA,0.0017243415452487
"114","MTD3693","Phaeodactylum tricornutum","net photosynthesis",NA,NA,NA,NA,NA,NA,NA,NA,NA,NA,NA,NA,NA,NA,3,1,NA,NA
"115","MTD3694","Phaeodactylum tricornutum","net photosynthesis",NA,NA,NA,NA,NA,NA,NA,NA,NA,NA,NA,NA,NA,NA,4,1,NA,NA
"116","MTD3695","Phaeodactylum tricornutum","net photosynthesis",0.765895295636709,0.227933799073177,7.28988390385183,9.31163201670267,FALSE,3.40167581222785,1.24093458040551,295.531001768638,2.04587758902083,293.15,-23.1128596113149,FALSE,5.48166628489761,0.907420198889794,1,4,NA,3.44873141598345e-11
"117","MTD3696","Phaeodactylum tricornutum","net photosynthesis",0.690260460962633,0.0606421018573013,4.45845751940623,2.47085971460647,FALSE,4.13873425635563,0.661538314489324,296.893776556996,0.727500723264409,298.15,-22.7327297818471,FALSE,-9.00377772510941,0.994332455326033,1,4,NA,4.50947138394813e-11
"118","MTD3697","Phaeodactylum tricornutum","net photosynthesis",0.612059526376747,0.0438740210780727,1.25778219917409,1.77334970997956,FALSE,5.31639339589748,0.224260463091695,298.150737393479,0.310108239323982,298.15,-22.6795245166362,FALSE,-10.1120035464006,0.991621267330487,2,4,NA,4.52468500960943e-11
"119","MTD3698","Phaeodactylum tricornutum","net photosynthesis",0.747464468157568,0.105715936675175,6.49088840602618,4.34445754429784,FALSE,4.46011010538295,0.329547874366867,294.51564690126,0.750850871342881,293.350129,-23.1640764583336,FALSE,3.58541264118314,0.946801962874293,3,4,NA,3.30293457311227e-11
"120","MTD3699","Phaeodactylum tricornutum","net photosynthesis",0.603290137416037,0.0298821446108515,0.966903086408441,1.21253517850018,FALSE,6.37670341255068,0.341264798809966,298.923085197561,0.319696194018508,299.416575,-22.5535742852328,FALSE,-19.7769085091305,0.936589365279977,4,24,NA,4.84506816661059e-11
"121","MTD3700","Phaeodactylum tricornutum","net photosynthesis",0.514918889585542,0.0300777019622396,-2.81843380885046,1.21417313921623,FALSE,5.5332575293391,0.20073943578623,299.197878590878,0.24631019357364,298.266375,-22.8971294295612,FALSE,-14.6820205192738,0.99307626188786,2,4,NA,4.10940842979095e-11
"122","MTD3701","Phaeodactylum tricornutum","net photosynthesis",0.768458584544335,0.0643318359061551,6.7336505083873,2.60658069494059,FALSE,3.23776307807992,0.672157505181948,301.902159104536,0.919962455401116,303.387398,-23.103159752314,FALSE,-6.03002046373637,0.993859921943146,1,5,NA,1.78160815621793e-11
"123","MTD3702","Phaeodactylum tricornutum","net photosynthesis",0.750656374610987,0.0814305969520299,-18.9428457724193,3.34219737076608,FALSE,4.65575134368012,0.263469279672433,295.067996778917,0.569462111741632,293.68042,-48.6730210368293,FALSE,-0.175097245782961,0.962891060686606,3,4,NA,2.60863042058136e-22
"124","MTD3703","Phaeodactylum tricornutum","net photosynthesis",0.608113606420894,0.049176176447822,-24.7479516393675,2.0005033184428,FALSE,5.16160455144517,0.379308251817934,297.796066378949,0.495572023895618,297.206162,-48.5704252470565,FALSE,3.23441153874883,0.854044568778478,5,24,NA,2.70179533184217e-22
"125","MTD3704","Phaeodactylum tricornutum","net photosynthesis",0.51911428997519,0.0295248589081493,-28.7076436959677,1.19163534506959,FALSE,5.63380090509414,0.189587982146051,299.339974318633,0.233327230461702,298.454213,-48.9373686008917,FALSE,-14.9957371061452,0.993352431710869,2,4,NA,1.97509358127645e-22
"126","MTD3705","Phaeodactylum tricornutum","net photosynthesis",0.766859955381112,0.0434124494454826,-19.6257056774991,1.75704512804135,FALSE,3.41971708913356,0.50011957521357,302.054449214287,0.632321792059291,303.446412,-49.3671733193095,FALSE,-11.1540934157999,0.995820683316333,1,5,NA,6.78501106608917e-23
"127","MTD3722","Zostera marina","net photosynthesis",0.319965363435062,0.0637233357062174,2.51632685312404,2.58944448302957,FALSE,26.7054351764468,13781311.9081933,301.982285122426,446535.699319415,298.15,-9.93343056509188,FALSE,-7.03230169072917,0.953452373432694,1,4,NA,2.50919846029759e-05
"128","MTD3723","Zostera marina","net photosynthesis",0.399154295604663,0.124489123358942,5.49956088056418,5.05870689033168,FALSE,3.23413436022841,30449024.455638,350,903870523.284467,303.15,-9.77525448002125,FALSE,1.00370768712315,0.976597421571056,0,5,NA,1.9323765314775e-05
"129","MTD3724","Kallymenia antarctica","net photosynthesis",1.30957195355724,1.04727400361557,44.7234621427785,44.4460955035908,FALSE,1.76981622194751,0.63196533616419,286.305541027283,3.96341452769976,288.15,-9.70522697814565,FALSE,7.81850646672955,0.617047484630609,1,4,NA,5.80073363126551e-05
"130","MTD3725","Kallymenia antarctica","net photosynthesis",1.03244886136492,0.21643588753077,32.8855997665912,9.1173899956885,FALSE,1.97890656767435,0.243146235293139,288.473463607814,1.20507628036616,288.15,-9.37278581978716,FALSE,-3.248591058691,0.957036906422535,2,3,NA,6.55026040949477e-05
"131","MTD3726","Ballia callitricha","net photosynthesis",0.29559356700435,0.0685142903314802,2.72839238729629,2.84176661563153,FALSE,4.08683919908792,0.493361200777568,289.275898476,0.755753751955917,288.15,-9.2124873002357,FALSE,-7.14116397469277,0.967838439750294,2,3,NA,8.40072911513079e-05
"132","MTD3727","Ballia callitricha","net photosynthesis",0.480000357579811,0.0652762026830248,10.1533668739917,2.79400840880932,TRUE,1.31401684808406,0.0508872659336387,282.912173039818,0.335133020749597,283.15,-9.98407115304538,TRUE,-26.69831768436,0.997957966939458,2,2,NA,4.61288886194065e-05
"133","MTD3728","Gymnogongrus antarcticus","net photosynthesis",0.739696886585519,0.929241903650918,22.4688459707479,40.6332205619235,FALSE,0.740994672550825,0.499445805894077,349.783936566692,4893.01362517071,298.15,-8.51872382894144,FALSE,-11.0676869791463,0.975364959022585,0,5,NA,0.000143317133575636
"134","MTD3729","Gymnogongrus antarcticus","net photosynthesis",0.936928758198882,0.0417240250817027,30.295098767277,1.7895504117696,FALSE,1.13901430094731,0.0192951787498056,291.527280139478,0.236916120728602,293.15,-8.722272145681,FALSE,-37.4225709876948,0.999689467376742,1,4,NA,0.000138308501443009
"135","MTD3730","Gymnogongrus antarcticus","net photosynthesis",1.12634205193939,0.374868617401047,38.0421387219011,16.0357683229243,FALSE,1.31701940233707,0.245492857443315,288.644862219999,1.37677150107259,288.15,-9.15975051675554,FALSE,-12.2416634567,0.975252783100718,2,3,NA,9.69489710440443e-05
"136","MTD3731","Phyllophora ahnfeltioides","net photosynthesis",0.328528633704219,0.0853249884846342,3.06705015946445,3.5377922329134,FALSE,3.96622233014459,8.83603974861666,294.848748064338,3.36656120949148,293.15,-9.96983747031944,FALSE,-4.36377591513385,0.942986015289192,1,4,NA,3.06392924753056e-05
"137","MTD3732","Phyllophora ahnfeltioides","net photosynthesis",0.483834648583055,0.115858908644384,9.77183028138648,4.84775029113195,FALSE,2.09027299418538,1.31160529217423,293.086704598719,1.46247495584887,293.15,-9.64256710500194,FALSE,-5.69912144390976,0.968592410739224,1,4,NA,4.24272371732013e-05
"138","MTD3733","Phyllophora ahnfeltioides","net photosynthesis",0.365028976671915,0.0304452646649775,4.86699721883187,1.26296807132294,FALSE,3.72561199440469,2.00282006210049,294.418747554657,0.987027449231894,293.15,-9.63437030135148,FALSE,-16.9899672447047,0.995892194933913,1,4,NA,4.15378069355453e-05
"139","MTD3750","Caulerpa prolifera","net photosynthesis",0.592017607195492,1.52093575310476,15.9934074054137,63.7172416725421,TRUE,0.927269489133104,5.19565139698886,310.864458259404,131.990786419852,303.15,-7.21118269521807,TRUE,-0.495583266158812,0.949750859831,0,4,NA,0.00024356831814319
"140","MTD3751","Caulerpa prolifera","net photosynthesis",5.20517350924183,1.57827947653457,201.654467345702,64.3084390461253,FALSE,5.63068712939495,1.48757716194316,292.758871665177,2.0067340036508,293.15,-7.19243196681452,FALSE,14.8251376208719,0.507128552299633,1,4,NA,9.04969757067086e-06
"141","MTD3752","Ceratophyllum demersum","net photosynthesis",0.000504778280043687,1.49742712353109,-18.2242516111341,63.2932172801403,FALSE,0.946856392241524,4.18370539390921,250.000349736876,16671.3617123579,278.15,-18.2898179041373,FALSE,9.26182104160099,0.455555651579571,2,3,NA,1.09227992231866e-08
"142","MTD3753","Ceratophyllum demersum","net photosynthesis",0.431537027674393,0.101598443336721,0.196755303271961,4.25469878735394,FALSE,1.15507072124897,0.516616883234254,300.117200879232,1.57748313544598,298.15,-16.9618063781501,FALSE,-18.1548109860426,0.990741964817615,0,5,NA,2.45148046655456e-08
"143","MTD3791","Synechocystis sp.","net photosynthesis",0.611993098801223,0.032586512626805,9.28168632798528,1.24430563391692,TRUE,3.12168993800038,0.195594020351128,315.275873345031,0.293974282856974,315.15,-13.4556605021317,TRUE,-26.6763808257941,0.994382502243005,3,4,NA,1.38518686705583e-07
"144","MTD3792","Synechocystis sp.","net photosynthesis",0.275059660279351,0.0837448147542213,-4.03910175381961,3.09642644275631,TRUE,8.42483882455813,1.02104653567358,319.515576870082,0.45803078385811,319.15,-14.0608663190277,TRUE,-11.7892696565753,0.929227216304616,4,4,NA,2.2468625691605e-07
"145","MTD3926","Asparagopsis taxiformis","net photosynthesis",2.06206189069664,0.449970383120202,77.8262093191339,18.5226199174502,TRUE,2.11654906272498,0.38897500582632,297.333534013619,2.32538761616665,298.15,-6.28850187025559,TRUE,-18.1287684910217,0.995627374490072,1,3,NA,0.000799637367893466
"146","MTD3927","Asparagopsis taxiformis","net photosynthesis",0.127736214568161,0.0582358833270248,-1.32351466606689,2.3618293720021,TRUE,2.6818424915165,1.48071369204341,296.226500433144,1.92125546686533,298.15,-6.3876193628014,TRUE,-16.5714348479494,0.968078471695768,1,3,NA,0.00141959788824681
"147","MTD3928","Asparagopsis taxiformis","net photosynthesis",2.49400500127306,1.7627504104376,92.2600531754671,72.1515109977487,TRUE,2.49422936088714,1.23541639295222,321.41904684209,16185.9182154663,303.15,-7.09156695637456,TRUE,7.88010438945928,0.910439159644618,1,3,NA,4.64139021694657e-05
"148","MTD3929","Asparagopsis taxiformis","net photosynthesis",1.92153273857137,0.312907639002446,70.2390886525679,12.8443689690353,TRUE,2.102171139955,0.187806944032018,298.265043414031,1.67509669729336,298.15,-6.95261046297789,TRUE,-11.695075959794,0.993513163244836,1,3,NA,0.000181391811957579
"149","MTD3934","Scenedesmus acutus","gross photosynthesis",0.317020545725096,0.118470776865271,10.3732910835385,4.95181329714577,FALSE,1.19732615151516,0.243944600403318,293.994085804958,1.98736405750037,294.15,-2.4438932445765,FALSE,-11.8138304934106,0.801512014337052,6,7,NA,0.0690695042380455
"150","MTD3935","Scenedesmus acutus","gross photosynthesis",1.76109593548342,3.29424926674644,71.6020865837294,140.808325869151,FALSE,1.76120409612236,3.2381677372873,321.889207065922,3043.27636808854,310.65,-1.56633407567713,FALSE,-18.1098467926303,0.941981927147109,2,11,NA,0.153362967345154
"151","MTD3936","Scenedesmus acutus","gross photosynthesis",1.91697287040045,0.42033493446493,77.4506519866786,17.6899702979882,FALSE,1.94502179741099,0.375369279940769,296.009570191345,6.73075518114324,296.65,-1.91680260084371,FALSE,-8.39676189044628,0.885452548708678,4,9,NA,0.106990382690121
"152","MTD3937","Microcystis aeruginosa","gross photosynthesis",4.09711378020361,0.721722214034336,169.087339766695,30.444387030686,FALSE,4.13009404695025,0.692717589580352,286.599746701286,3.79395294760565,285.65,-1.58645079510779,FALSE,11.7014720064757,0.782017169210705,5,8,NA,0.197786309558313
"153","MTD3938","Microcystis aeruginosa","gross photosynthesis",3.17318889750861,0.0781388067193264,130.583187877058,3.28008952995428,FALSE,3.17320584065972,0.0930736827750343,309.702891275165,26126.5775068212,309.65,-0.419301806718977,FALSE,22.5000681354015,0.892427879521691,1,12,NA,0.479906408765701
"154","MTD4007","Koliella antarctica","gross photosynthesis",NA,NA,NA,NA,NA,NA,NA,NA,NA,NA,NA,NA,NA,NA,0,0,NA,NA
"155","MTD4009","Laminaria saccharina","net photosynthesis",0.228599267512322,0.035319452497522,-0.621508320469257,1.46376308179607,FALSE,3.41061869720999,0.0997355512611831,288.207009261765,0.310197997743212,287.994,-9.89279230096483,FALSE,-16.3572700959268,0.992212015945182,3,3,NA,4.56910054228235e-05
"156","MTD4010","Laminaria saccharina","net photosynthesis",0.204075334321953,0.0761664852035381,-1.94457959041959,3.13512447726473,FALSE,4.14713476674733,0.500827460019305,292.22262179907,0.942105430567425,293.236,-10.1056379805285,FALSE,-2.11123570818036,0.89713776886439,3,3,NA,3.34316577053168e-05
"157","MTD4011","Laminaria saccharina","net photosynthesis",0.401472165656445,0.0653424538745756,5.7996890035456,2.69122102717477,FALSE,3.5695979539712,0.609469407923915,294.421864865674,1.06242100692317,293.217,-10.1529633943296,FALSE,-4.8999417338919,0.923660416331043,3,3,NA,2.37131456154621e-05
"158","MTD4012","Laminaria saccharina","net photosynthesis",0.396397076334491,0.0896068507246652,5.26924036514093,3.69278828312268,FALSE,3.47790509120499,0.741873605019659,294.065051608593,1.37577766663909,293.094,-10.4990042002684,FALSE,-0.519103530076597,0.861446433634936,3,3,NA,1.71728927646713e-05
"159","MTD4013","Laminaria saccharina","net photosynthesis",0.407676599634364,0.0974100524338568,5.98375065208078,4.03798966267313,FALSE,2.37772204055317,0.743675104615301,294.079881335172,1.82279721381355,293.171,-10.2920829490498,FALSE,-2.51724377006379,0.868438092993581,1,5,NA,2.19954376245704e-05
"160","MTD4026",NA,"net photosynthesis",0.381716650390004,0.187495372176806,3.02062727978198,7.63625287966366,FALSE,2.58644222371766,0.822062250633907,297.297499386874,2.88820084814078,298.15,-12.0397255969851,FALSE,7.55103654527007,0.804344658726833,2,4,NA,3.30594405367237e-06
"161","MTD4027",NA,"net photosynthesis",0.103176118308602,0.160506858419338,-8.79924257102749,6.47964701053985,FALSE,5.32703677113888,6.68350929747873,300.846911001041,8.65492549619195,298.15,-12.8168705841723,FALSE,9.57841705201504,0.629607309612735,3,3,NA,2.20128888340523e-06
"162","MTD4028","Chondrus crispus","net photosynthesis",0.645636574959552,0.0640558846270321,8.30908081048242,2.61095437937356,TRUE,4.9046711933104,0.639635973199347,299.813938374307,0.824087357548178,298.15,-16.8636770832833,TRUE,-0.355595937488783,0.944287910343215,2,5,NA,1.31970393295779e-08
"163","MTD4029","Chondrus crispus","net photosynthesis",0.580957309660893,0.0951698672812645,5.62821703412129,3.89117525681267,TRUE,3.32371135851722,1.48688834167681,301.051503199589,2.09433605379009,303.15,-17.0186113829816,TRUE,4.49958682980861,0.97141636307839,2,5,NA,1.27947915693192e-08
"164","MTD4032","Lomentaria baileyana","net photosynthesis",0.467687817358709,0.0307047462924304,3.66488066541259,1.25216692806994,TRUE,5.63130657874904,0.783808089709963,304.668561881157,0.566890380110386,298.21,-14.5299231374638,TRUE,-9.59343017148251,0.972127267589205,2,4,NA,1.8614508528795e-07
"165","MTD4033","Lomentaria orcadensis","net photosynthesis",0.292896335579151,0.0472750874774189,-3.22839565376576,1.9070217016134,TRUE,13.2926698339902,1.0965115488482,305.594479497889,0.349096287247212,303.096,-14.4392856917029,TRUE,-1.00853848807709,0.871794838949849,4,4,NA,2.43380328573392e-07
"166","MTD4034","Lomentaria baileyana","gross photosynthesis",0.755899997484664,0.0956651512585335,15.1959887415305,3.90499965025401,FALSE,2.84089156950756,0.602255152678506,302.104110208606,1.53998244398145,303.184,-14.1558444101956,FALSE,6.31241393892077,0.783460859779786,2,7,NA,1.41042289174114e-07
"167","MTD4035","Lomentaria orcadensis","gross photosynthesis",0.493310173005644,0.0717200152047072,4.6001354517626,2.89346679298574,FALSE,6.30752712473952,0.946569988300911,305.115765017663,0.85975241318883,303.029,-14.3015093423128,FALSE,6.54998862820814,0.816917844631649,4,5,NA,1.66003457275523e-07
"168","MTD4054","Cladophora glomerata","net photosynthesis",NA,NA,NA,NA,NA,NA,NA,NA,NA,NA,NA,NA,NA,NA,0,3,NA,NA
"169","MTD4055","Cladophora glomerata","net photosynthesis",NA,NA,NA,NA,NA,NA,NA,NA,NA,NA,NA,NA,NA,NA,1,2,NA,NA
"170","MTD4056","Cladophora glomerata","net photosynthesis",0.651275298306982,0.18314000276612,19.8275574421456,7.4196667316699,FALSE,2.88350454769414,2.38077014027369,303.249377134735,2.78837043552351,303.615,-5.34482924053421,FALSE,2.93024133506071,0.986711281607764,1,4,NA,0.00105318702833351
"171","MTD4057","Cladophora glomerata","net photosynthesis",NA,NA,NA,NA,NA,NA,NA,NA,NA,NA,NA,NA,NA,NA,1,2,NA,NA
"172","MTD4058","Cladophora glomerata","net photosynthesis",0.605284391853674,0.0650958895517778,18.1115742676636,2.63289165760345,TRUE,3.01414878599672,0.341520969623176,300.215198900995,0.820009520473604,299.131,-5.51512557555173,TRUE,-7.33286689100163,0.955838968965221,2,4,NA,0.0012461025272864
"173","MTD4059","Zostera marina","net photosynthesis",0.739814785417752,0.189199104873679,5.10947575602806,7.69105621443954,FALSE,7.52839057226514,20.536703099374,295.585253072632,5.39422668174297,293.82,-24.1190133241072,FALSE,11.3497524133478,0.879662588228426,2,7,NA,1.13540292248096e-11
"174","MTD4071","Potamogeton pectinatus","net photosynthesis",0.212104956451298,0.0393032784088678,-0.780160127888487,1.57199405302463,FALSE,5.16879015475166,0.348578339469685,299.364738904611,0.414679721219781,298.15,-9.05184527155755,FALSE,-14.0242092504557,0.991871248352427,2,3,NA,7.71078996374142e-05
"175","MTD4077","Posidonia sinuosa","net photosynthesis",NA,NA,NA,NA,NA,NA,NA,NA,NA,NA,NA,NA,NA,NA,1,0,NA,NA
"176","MTD4078","Posidonia sinuosa","net photosynthesis",NA,NA,NA,NA,NA,NA,NA,NA,NA,NA,NA,NA,NA,NA,1,1,NA,NA
"177","MTD4079","Posidonia sinuosa","net photosynthesis",NA,NA,NA,NA,NA,NA,NA,NA,NA,NA,NA,NA,NA,NA,0,2,NA,NA
"178","MTD4094","Cymodocea nodosa","net photosynthesis",1.26048750473483,9.31669935162814,43.2710177366596,393.23182675311,FALSE,1.26057500911636,8.63340463321186,350,69692.5411152744,303.323,-8.12549574279192,FALSE,-0.0737952085012132,0.93924777819247,0,5,NA,0.000132184446398782
"179","MTD4095","Cymodocea nodosa","net photosynthesis",NA,NA,NA,NA,NA,NA,NA,NA,NA,NA,NA,NA,NA,NA,0,2,NA,NA
"180","MTD4220","Spirulina platensis","gross photosynthesis",0.381070568585847,0.0790444646062866,1.08082320272449,3.12206715818165,FALSE,2.56345324754439,0.514961519079738,310.045641560533,1.77962203257742,308.368,-13.3538018080372,FALSE,0.0619881400383679,0.878834485947419,3,5,NA,4.88452250356948e-07
"181","MTD2099","Caulerpa serrulata","Mass-Specific Photosynthetic Oxygen Production Rate",0.759372188243996,0.128016413830252,17.3894094386098,5.18788865068279,TRUE,3.25917356222245,1.43010225127476,301.729923646626,1.81820559888915,303.15,-12.106108763143,TRUE,3.46914688440161,0.976712322596197,1,5,NA,1.0970545102119e-06
"182","MTD2108","Prymnesium patelliferum","POC Photosynthetic Oxygen Production Rate",0.464137361768383,0.104379401312312,7.7054281005855,4.36883465729354,FALSE,1.51388053180345,1.26357493117813,299.818055995326,2.43220691619666,298.15,-10.6305844977392,FALSE,-6.94018256534927,0.976905137584727,1,5,NA,1.20711817982476e-05
"183","MTD2109","Phaeodactylum tricornutum","POC Photosynthetic Oxygen Production Rate",0.431658152042817,0.141617803352751,7.22594311241634,5.89588637228753,FALSE,1.83212810430744,2.19085741926995,298.536867525099,2.37800518314577,298.15,-9.81740863677815,FALSE,0.320371824169209,0.932252178296245,1,5,NA,2.84909918544925e-05
"184","MTD2117","Lithophyllum margaritae","Mass-Specific Photosynthetic Oxygen Production Rate",0.655164036988122,0.499341981297109,8.78374255361723,20.1095795468873,FALSE,28.3215834137713,50449314.7615771,302.212872587434,1157258.65993904,298.15,-16.70849582482,FALSE,9.07996139099995,0.81207117799423,1,3,NA,1.4357997466973e-08
"185","MTD2118","Lithophyllum margaritae","Mass-Specific Respiration Rate",0.610294423969353,0.600259787917304,4.74799573402618,24.173756629794,FALSE,27.2942481558286,119985447.601999,302.582674071157,1189128.34493534,303.15,-18.7569525870405,FALSE,10.9206770164005,0.925913804079108,0,4,NA,1.59506026821848e-09
"186","MTD3145","Zostera marina","respiration rate",0.718085822071673,0.354477154248712,11.9762119354926,14.6726312804785,FALSE,1.6837781662513,8.33040490207074,308.960741206956,39.3405110199976,308.15,-15.5459403794616,FALSE,19.0993124404221,0.832812069216983,0,7,NA,2.64823178858305e-08
"187","MTD3161","Cladophora glomerata","respiration rate",0.282052609479234,0.12748252258401,19.7307352365639,5.18089024624469,FALSE,30.6167378411616,125115516.730326,307.303197664905,2354356.57949714,303.15,8.93716097927811,FALSE,11.162459397337,0.798850636263806,1,6,NA,3550.23226949652
"188","MTD3164","Cladophora glomerata","respiration rate",0.451469568633217,0.0716714131776967,26.5320843012371,2.91272654209087,FALSE,4.20715220020664,5222231.41465749,350,453482427.376672,308.15,9.53560208917966,FALSE,1.94826129723264,0.989011127990959,0,7,NA,3086.95814924965
"189","MTD3167","Cladophora glomerata","respiration rate",0.584941979149924,1.95200238634715,32.9632627260452,85.2255271401946,FALSE,0.59592918182027,0.543048066622134,350,3256.67324373044,308.15,9.40705704648847,FALSE,11.6056750415356,0.677867336630534,0,7,NA,5381.13860708169
"190","MTD3170","Cladophora glomerata","respiration rate",0.135752873391424,0.105270307723863,14.4862785522274,4.27818566353976,FALSE,32.2001703794439,109708959.102907,307.112183792776,2660149.9950821,303.15,9.29129481399176,FALSE,8.09929082687989,0.415603623566281,1,6,NA,7512.71837714304
"191","MTD3173","Cladophora glomerata","respiration rate",1.14762244001038,3.30280823346379,57.2626850679678,146.006985293492,FALSE,1.14767903401892,3.55827590798368,349.993951747785,58781.9541424021,308.15,9.29785283092085,FALSE,14.082951814664,0.413121322213703,0,7,NA,7910.9197654014
"192","MTD3176","Cladophora glomerata","respiration rate",0.62957748332991,1.14601320857653,35.046465190836,49.7507045417503,FALSE,0.64088832692844,0.571444938894057,350,2236.77525761514,308.15,9.93155484653206,FALSE,6.8306123218926,0.772319821998469,0,7,NA,7613.80606280097
"193","MTD3179","Cladophora glomerata","respiration rate",0.198155087307601,0.190638371772285,17.2986419761168,7.74754426590807,FALSE,3.89399949750439,25713321.4195156,350,2412430565.43442,308.15,9.83869417211074,FALSE,17.6008445088872,0.409189394867344,0,7,NA,9701.51458611273
"194","MTD3182","Cladophora glomerata","respiration rate",0.602108929046984,0.937267694249044,34.5770213599314,39.7000848689902,FALSE,1.07844976878767,0.467140903165453,292.718824650301,8.53739883979864,293.15,9.89682274691036,FALSE,15.0749687683636,0.455963834848575,4,3,NA,15476.5549503842
"195","MTD3278","Koliella antarctica","respiration rate",0.304739961925844,0.0470062559579315,-4.85689792538705,1.89498690905431,FALSE,6.84114906455874,46.9705527845118,305.741504883283,8.26008836718544,303.15,-16.5237262902448,FALSE,-7.95978904623469,0.975860312014688,1,5,NA,2.93965791929965e-08
"196","MTD3280","Chlorella saccharophila","respiration rate",0.644355361953032,0.131379788858083,9.19548746623572,5.40520380589838,FALSE,1.69549255718009,0.432618306338531,299.314170130325,1.40362453615292,298.15,-16.2643544280759,FALSE,-5.08179567562869,0.925517428578451,1,5,NA,3.32681564310641e-08
"197","MTD3282","Chlorella sorokiniana","respiration rate",1.04459781198116,0.273184103579665,22.4624370537403,11.0901024169831,FALSE,1.56145898539368,0.596262756661329,308.625600759743,3.83111810560485,308.15,-17.9094706069212,FALSE,1.8064118690203,0.894868101066793,1,5,NA,1.45833245305843e-09
"198","MTD3329","Chondrus crispus","respiration rate",1.38209285475326,1.11451894217683,42.5776737983045,48.281862129292,FALSE,1.38214189766846,2.53351683077619,350,267934.611472893,304.979033,-13.5089033711949,FALSE,16.6255487469732,0.600120822732235,0,5,NA,5.06160252120694e-07
"199","MTD3330","Gigartina stellata","respiration rate",1.44550563631832,0.997832488206387,44.7373745851732,43.1917987793119,FALSE,1.44555907276604,1.74490106798226,343.904900953042,120393.241253847,305.032786,-14.2473536059241,FALSE,12.1454460834565,0.733653222842237,0,5,NA,2.88362174926083e-07
"200","MTD3335","Egeria densa","respiration rate",1.70310524153647,0.989277005303367,59.0228838521399,39.8406089343983,FALSE,2.29513389053077,0.559929104424897,297.835221496116,1.55701009671799,297.15,-8.67366456709676,FALSE,-4.94054502301515,0.937681699578515,2,2,NA,2.0760129474097e-05
"201","MTD3336","Hydrilla verticillata","respiration rate",1.15511427003426,11.1496781810702,37.9325337673808,459.303537242655,FALSE,1.15531742561094,9.38699393280896,350,80580.4016316928,305.091456,-9.04722357677608,FALSE,-2.31803169093365,0.787111068953877,0,4,NA,4.97462179112532e-05
"202","MTD3368","Eucheuma isiforme","respiration rate",1.71648071040408,0.394323620546676,47.4875520265762,15.6394905828828,FALSE,26.3900615017611,22665469.0264394,307.634030116774,969754.597792613,303.129961,-18.2029828335259,FALSE,20.6555647922182,0.984834333573744,1,6,NA,1.20627353181512e-10
"203","MTD3369","Eucheuma isiforme","respiration rate",0.769287580493652,0.188074484847753,10.2357826744701,7.46028794301972,FALSE,10.3560901373149,887.245984006628,306.958727889351,109.640861504383,303.26344,-19.192942318508,FALSE,8.75323122429796,0.874115992880411,2,5,NA,5.71549482569443e-10
"204","MTD3370","Eucheuma nudum","respiration rate",1.91325256818523,0.756642536783301,56.8146130347702,30.2496166595274,FALSE,3.23678108919822,3.45691845099787,304.733095694108,3.42851327928418,303.127608,-16.9681834869009,FALSE,24.343020727669,0.910770493680043,1,6,NA,4.27397361775043e-10
"205","MTD3371","Eucheuma acanthocladum","respiration rate",0.649110187406511,0.145829630293602,6.77571375308147,5.81575861085071,FALSE,5.87494607292022,12.8455057260009,304.230392920174,7.42083112015723,302.286196,-18.1643631983357,FALSE,0.867992432270281,0.970663412123921,1,5,NA,2.47022771624366e-09
"206","MTD3372","Eucheuma gelidium","respiration rate",1.27466066653119,0.293470501578871,30.3684917598923,11.6390696285901,FALSE,25.1078571359748,28939009.8715771,307.75159992117,1156169.84372913,303.188645,-18.403937438641,FALSE,15.9259356836168,0.954489999504393,1,6,NA,3.22285666858768e-10
"207","MTD3383",NA,"respiration rate",0.752785098590624,0.0237035292874994,13.8564817561168,0.938498712624757,FALSE,29.2795387302165,4842621.92469111,307.316744062006,71137.1459159047,308.033904,-14.7913944903404,FALSE,-21.7297897505351,0.999602521643774,0,4,NA,4.19894096585136e-08
"208","MTD3384",NA,"respiration rate",0.887180616786498,0.129057906877215,18.9708807179238,5.12092049498715,FALSE,4.42558259361945,9.65303514018783,306.578996810746,1.26073681424879,308.03928,-14.8820459313547,FALSE,-5.97085431486692,0.99745187377658,0,4,NA,2.83748276109675e-08
"209","MTD3400","Elodea canadensis","respiration rate",0.724236008891336,0.287973080582166,3.05446401091808,11.674682249518,FALSE,1.95131881277516,1.62011733916796,303.104957028147,2.1655949142921,303.074301,-25.1285521144445,FALSE,1.99614922972379,0.917397422158621,2,3,NA,2.74501695140811e-12
"210","MTD3401","Cladophora glomerata","respiration rate",0.4610071966623,0.126690965774993,-7.58204905405029,5.11038194797204,FALSE,4.71238526310166,9.70801563578019,299.951581687862,3.07824568059867,298.151263,-25.5550679033305,FALSE,-5.57633494780271,0.978237071458501,1,3,NA,3.1933203786325e-12
"211","MTD3402","Spirogyra Link","respiration rate",0.71726005974407,0.00860832130461533,2.88657093817065,0.347555087503542,FALSE,4.2339662441616,0.1205836436227,298.163212090679,0.0926356635388912,298.105435,-25.2062542020148,FALSE,-32.8060714755767,0.999952569403553,1,3,NA,3.09789892581158e-12
"212","MTD3410","Aldrovanda vesiculosa","respiration rate",0.369284934788547,0.107500389090594,18.0715120279558,4.27790721436337,FALSE,2.72229967586864,17.5516738437391,309.644648561904,32.0262806243831,307.131636,4.05703387617464,FALSE,-18.7499809887969,0.873512903583674,2,20,NA,18.9450277681778
"213","MTD3413","Cymodocea nodosa","respiration rate",0.335190250718667,0.534492530659674,-4.99314489678081,21.2785191226273,FALSE,3.45289138301575,23259885.9088914,350,286485410.146585,309.11317,-17.5727383143951,FALSE,17.9740909847008,0.55793033699644,1,4,NA,7.3673177436931e-09
"214","MTD3414","Posidonia oceanica","respiration rate",0.381130920269572,0.312298373950016,-3.82608861097147,12.4394894015817,FALSE,3.84211725651743,28556878.5389419,350,1082444576.56103,309.042708,-18.1330833403569,FALSE,11.4223081645194,0.74523918325849,0,5,NA,3.60339525355927e-09
"215","MTD3450","Myriophyllum salsugineum","respiration rate",0.493533298617216,0.0737576712060893,10.6770982543745,2.91968766225033,FALSE,4.07378376970746,2226408.72885869,350,185652567.057305,308.15,-7.90295788700137,FALSE,-11.2675211850748,0.956186783357802,0,8,NA,7.16701589880814e-05
"216","MTD3453","Zostera muelleri","respiration rate",0.383043328065333,1395.57184557747,-5.38666492603233,1295772.43005344,FALSE,0.00225034860321326,2803.66996390277,350,479.388166717116,315.15,-13.4348213267942,FALSE,13.977670144585,0.251457525583205,0,4,NA,6.00663790057899e-08
"217","MTD3477","Mastocarpus papillatus","respiration rate",0.861500378471351,0.617285541045387,15.2314502940372,24.4395374175412,FALSE,28.8333479611277,62321829.4579031,307.361938807944,1069743.72589328,308.15,-17.605605919382,FALSE,10.8243844272991,0.899340095571449,1,3,NA,1.93134432516776e-09
"218","MTD3478","Mastocarpus papillatus","respiration rate",1.79240432324187,1.50752175760633,52.7900999613336,60.9985480100991,FALSE,1.79282655525744,0.782982397829604,335.188326137489,11804.3029225083,308.15,-17.6506621738325,FALSE,1.87186830206975,0.95060652967834,1,3,NA,1.03104787329685e-09
"219","MTD3479","Mastocarpus papillatus","respiration rate",0.757795801683854,0.385514104131723,10.7720283599719,15.2620593303159,FALSE,30.9007336975261,42619871.3745072,307.542687814636,414380.379795778,308.114664,-17.9578841072294,FALSE,6.15128313620879,0.980107326597112,0,4,NA,1.56466338292514e-09
"220","MTD3485","Desmarestia anceps","respiration rate",0.257404202501439,227.93987900681,-11.8414832882766,164725.561226686,FALSE,0.00292758609938734,457.526525977318,350,277.554792194052,302.520443,-16.1352533153254,FALSE,-1.00410080953987,0.994044883190959,0,5,NA,1.65990602704613e-08
"221","MTD3487","Palmaria decipiens","respiration rate",1.27961051215309,0.184981307869608,34.0188264132502,7.7267774330223,FALSE,1.75433536340747,0.331518972260937,298.000024816376,2.0810636554032,298.507096,-17.1039110517616,FALSE,-4.00796214752824,0.98197164745845,1,4,NA,9.42054688774021e-09
"222","MTD3491","Ascoseira mirabilis","respiration rate",0.44494489877344,0.214389193269511,1.67378414172419,8.88538603194047,FALSE,3.35552317037937,4572006.90046263,350,593011943.418307,302.589253,-15.3848976116675,FALSE,2.8743168915324,0.951633209346441,0,4,NA,6.45363834895576e-08
"223","MTD3494","Potamogeton pectinatus","respiration rate",1.68688838286027,1.11844054942626,51.6261224080358,46.4200012900101,FALSE,1.68703323643826,0.888094660606874,336.798682139852,16449.5179336875,312.848048,-15.8478413544134,FALSE,9.37305557878797,0.965221281154046,0,5,NA,2.1324284662664e-08
"224","MTD3497","Potamogeton pectinatus","respiration rate",1.30138406431448,0.530748949336817,35.3174551485733,22.0588225416656,FALSE,1.30165054874151,0.301145077674554,350,10860.034629081,313.297964,-16.3417491689143,FALSE,2.42246815819898,0.949126076968435,0,5,NA,1.28429720395586e-08
"225","MTD3500","Potamogeton pectinatus","respiration rate",1.08307111689545,0.330077224565697,26.5714414098189,13.7801786003503,FALSE,1.08406914716854,0.149393462158847,350,2499.70471551898,312.786562,-16.3772269445516,FALSE,-5.67364081750503,0.985521804749295,0,5,NA,1.51453687883691e-08
"226","MTD3503","Potamogeton pectinatus","respiration rate",1.59086279961991,1.38517173321029,46.3184103502734,57.862721175342,FALSE,1.59092361938208,2.19217458451874,349.172873538472,106862.152384528,313.063925,-16.7249372702542,FALSE,12.1087983317555,0.95846216363842,0,5,NA,5.76967031109022e-09
"227","MTD3506","Potamogeton perfoliatus","respiration rate",1.01575502664591,0.36276699506451,24.3355180332371,15.1386291666213,FALSE,1.0176481950455,0.153513754854548,350,1704.44976747071,315.17128,-15.6850298761887,FALSE,-3.16868100607724,0.960000879877987,0,6,NA,2.63422255545948e-08
"228","MTD3509","Potamogeton perfoliatus","respiration rate",0.637327019908958,0.458858107799222,8.85204393851929,19.2544087731827,TRUE,0.668890052582695,0.47481276273115,350,436.63257121971,315.387648,-15.6104086365467,TRUE,-11.1492689637321,0.983906586196748,0,5,NA,2.88233900333897e-08
"229","MTD3512","Potamogeton perfoliatus","respiration rate",0.980069848654676,0.434216128561768,22.7399403365839,18.1123983425958,FALSE,0.98220773621884,0.179809404537954,350,1682.84175710327,315.038817,-15.9426784127759,FALSE,-3.45215486563023,0.948215258877758,0,6,NA,2.25964522494595e-08
"230","MTD3515","Potamogeton perfoliatus","respiration rate",1.24148159383498,0.330874215038282,33.2443638161825,13.7683027690094,FALSE,1.24175283277015,0.21643578950133,350,4730.35291405015,315.102065,-16.3536299461945,FALSE,-6.00395649569541,0.965341224468467,0,6,NA,1.74518081498383e-08
"231","MTD3518","Callitriche obtusangula","respiration rate",1.78361317010614,1.79564444656285,57.3095123011131,75.2296879993888,FALSE,1.78375017733662,1.71453547042634,326.113681355929,3932.34050675566,317.73633,-15.6138285655214,FALSE,-1.68324813171922,0.876246097062511,1,5,NA,7.65032863122469e-08
"232","MTD3521","Callitriche obtusangula","respiration rate",0.504301903420989,0.188513899103748,3.33836098283676,7.57976117288328,FALSE,18.670784049096,6504385.85911812,311.389555967572,459018.502930903,305.93639,-15.7844708722537,FALSE,9.29493799129886,0.866096761960886,1,4,NA,2.99608752021994e-08
"233","MTD3524","Callitriche obtusangula","respiration rate",1.60506444625872,0.405723777477598,48.5687132839173,16.855292432295,FALSE,1.60583260102253,0.311857914360873,326.029088777174,984.848247052221,313.184966,-16.1920175650336,FALSE,-3.75992768659398,0.96909006545996,1,4,NA,2.50257726645703e-08
"234","MTD3527","Callitriche obtusangula","respiration rate",2.67670384096458,0.627554318715761,92.0733747684639,26.4027943836531,FALSE,2.67678977526383,0.728456197777943,316.73742706517,6820.42683620269,313.37608,-16.311022915758,FALSE,5.01467684728842,0.929994901835784,1,4,NA,1.79012416281622e-08
"235","MTD3530","Callitriche obtusangula","respiration rate",1.42643191611304,1.23078442220413,41.4291402428732,52.0288910731354,FALSE,1.4264936013382,1.54972397220496,350,46960.9721230273,312.951865,-15.9106677168608,FALSE,4.77298690010149,0.919325616616003,0,5,NA,3.07637949860523e-08
"236","MTD3531","Enteromorpha intestinalis","respiration rate",1.62457564736346,4.45957277121989,48.7029646951973,192.508412831909,FALSE,1.62466621493079,4.42909602454746,325.551435543056,2340.15828033569,315.771082,-18.9831987637599,FALSE,-21.6537630375363,0.864994326046783,2,8,NA,4.30440687370572e-09
"237","MTD3532","Fucus ceranoides","respiration rate",0.119163433853834,0.0628859452663101,-14.7046711943289,2.47452508649004,FALSE,30.3457925942305,7423838.51936691,313.663495061452,417712.549118697,310.604792,-19.1553637793483,FALSE,3.47102740637618,0.689692850214055,1,9,NA,3.11538906521039e-09
"238","MTD3533","Ulva lactuca","respiration rate",0.390116165149082,0.0674559933073608,-4.4501109030936,2.68565266404404,FALSE,2.73857578375452,0.840053230737809,308.613623333642,1.86690030968074,308.317538,-19.2690184029179,FALSE,1.21033020431336,0.842687090871079,4,7,NA,1.33603231197042e-09
"239","MTD3534","Chondrus crispus","respiration rate",0.27558074032828,0.0817514564326391,-8.84902276052843,3.27555899302548,FALSE,2.25088145585856,0.436663080001834,303.284662546925,1.72522868775783,300.847132,-19.5427989225882,FALSE,1.4727780412264,0.739419186115496,3,8,NA,1.79163557183022e-09
"240","MTD3535","Griffithsia flosculosa","respiration rate",0.499035355578936,0.343664547813754,0.263640042203704,14.1692688972789,FALSE,1.21650360098172,0.311734598578896,298.480467155924,4.28671379834082,298.189413,-19.6604438075519,FALSE,13.0054939391788,0.540465809163352,3,8,NA,1.62998382111107e-09
"241","MTD3536","Porphyra umbilicalis","respiration rate",0.579602493340403,0.162589430251261,4.2608479560715,6.70126199567312,FALSE,1.30371700679834,0.0997876185382394,296.782597019029,1.62838017935501,295.96888,-18.9856548849455,FALSE,-7.39537840032851,0.868214361404381,5,6,NA,3.22418915187075e-09
"242","MTD3537","Enteromorpha intestinalis","respiration rate",0.386369976548393,0.0338474334559972,-3.6757115666743,1.39368909919843,FALSE,1.17987877720587,0.183638445091629,306.874631478415,0.809063634240171,308.1211,-18.6821986847406,FALSE,-30.3288770655456,0.980558874737391,2,10,NA,3.34034162357315e-09
"243","MTD3538","Fucus ceranoides","respiration rate",0.424463390563198,0.0490311806580164,-2.36399272210704,2.01107819995134,FALSE,1.43702003891929,0.151225704688865,301.141778205959,1.06973722326587,302.766846,-19.0752907768182,FALSE,-18.7551936381933,0.93470371498871,4,8,NA,2.60188917002819e-09
"244","MTD3539","Ulva lactuca","respiration rate",0.326014076443005,0.023348569067554,-6.47092503513319,0.938336988946788,FALSE,31.7502108212556,13331361.6566175,311.771210312789,320547.203358154,307.91259,-18.7538455003037,FALSE,-20.4628306040847,0.966178742272595,1,10,NA,2.44789935979356e-09
"245","MTD3540","Chondrus crispus","respiration rate",0.51705676236374,0.0728188359644986,0.524508456038805,2.99722478151047,FALSE,1.36344429904676,0.142932395537805,300.392176253244,1.25563605876234,297.94504,-19.9417624119663,FALSE,-12.9249625271957,0.925733211614986,4,8,NA,1.03979056807572e-09
"246","MTD3541","Griffithsia flosculosa","respiration rate",0.550465892735206,0.0718254094379739,2.25650599363165,2.94338186227419,FALSE,1.57046188993296,0.154762762319532,300.143617000926,1.21887989268146,298.151139,-19.4691538918201,FALSE,-9.17345786048476,0.964591416317315,4,8,NA,1.51078287829585e-09
"247","MTD3542","Porphyra umbilicalis","respiration rate",0.471573517071719,0.179462134745833,-0.770931698951982,7.65054435636053,FALSE,0.703793913999188,0.090313331783239,305.655366879941,2.58627931540981,307.679507,-19.7813046648577,FALSE,-17.7269693616693,0.878713844735165,4,8,NA,1.51284799398524e-09
"248","MTD3543","Enteromorpha intestinalis","respiration rate",0.420612986034325,0.0671986888133993,-3.09975661509685,2.7514697551436,FALSE,4.25868816616368,9.98387064646972,305.765598650085,7.12830519774479,303.132185,-19.2232671252257,FALSE,-2.11153751996753,0.93934996460629,1,8,NA,1.47785248267119e-09
"249","MTD3544","Fucus ceranoides","respiration rate",0.527776506034648,0.115972282178797,1.31306158589195,4.76675302039779,FALSE,2.26806309177275,2.63552697194279,304.776577113137,2.83362662792658,303.115494,-19.0592384709328,FALSE,6.42513179177236,0.936959610045699,1,8,NA,1.51043981905484e-09
"250","MTD3545","Ulva lactuca","respiration rate",0.577543452908483,0.050954585822764,3.76431114380983,2.11135443873774,FALSE,1.50842473912578,0.245713173640479,301.400723650161,0.844211749018032,303.073119,-18.9604367407594,FALSE,-17.7418374774292,0.992539689799786,1,8,NA,2.24896161435345e-09
"251","MTD3546","Chondrus crispus","respiration rate",0.553603818387844,0.107821027751766,1.82228621108321,4.43041076984524,FALSE,2.31916628156384,1.28904961012581,302.544892634631,2.73915004821811,302.93602,-19.6793271423859,FALSE,4.52501765179312,0.943686180982226,1,8,NA,8.72111042364775e-10
"252","MTD3547","Griffithsia flosculosa","respiration rate",0.532143187776355,0.0702745826777912,1.4787432968982,2.88786007114444,FALSE,2.14799233901225,0.5001798274401,300.663005198993,1.56062651268605,302.978287,-19.3795093117978,FALSE,-5.82917295628274,0.967892171006717,1,8,NA,1.48830268483939e-09
"253","MTD3554","Acanthophora spicifera","respiration rate",0.000890744191996894,23548.2956079823,-5.80186593916492,21651223.2949466,FALSE,0.00229774789977257,15031.3558677468,350,55659006.0751838,315.067576,-6.32186562195628,FALSE,20.8230480882369,-0.0935208866554984,0,5,NA,0.00179653496928959
"254","MTD3555","Gracilaria verrucosa","respiration rate",0.171869544259365,0.225048761461337,-0.148766662951046,8.8850711401153,FALSE,4.85030699552051,24.7037355354825,309.304447967102,19.1059686366327,309.351427,-6.63108314762956,FALSE,8.91616906355366,0.461277840366609,2,3,NA,0.000753766934435032
"255","MTD3556","Bostrychia binderi","respiration rate",0.446148076259496,0.281806074490825,9.78494905587324,11.116613533141,FALSE,4.83980172454193,14939468.0237961,350,1355468924.67913,314.911257,-6.65057564720775,FALSE,12.1876118891516,0.885413032989733,0,5,NA,0.000204658645061502
"256","MTD3557","Cladophora repens","respiration rate",0.128103750312243,0.293927590177764,-2.37293683699995,11.5955134439148,FALSE,4.26472931491996,154970676.180736,350,2389597713.48217,315.05565,-7.08995237037551,FALSE,12.7395371435205,0.272886980657091,0,5,NA,0.000489820869414106
"257","MTD3562","Catenella repens","respiration rate",0.0200371412188359,1621.23914706388,-5.87600711292519,138300.898554768,FALSE,0.0429509402356521,289.076607121758,250,462838.798089451,285.5194935,-7.44179707365887,FALSE,17.842539063651,-0.0533410887774262,0,5,NA,0.000586745382920552
"258","MTD3563","Spyridia filamentosa","respiration rate",0.0988282496350189,0.337071121208891,-3.21704635054501,13.2919499611121,FALSE,4.25344037336211,613672591.402907,350,5440680440.44328,315.12218,-6.85531585278356,FALSE,14.2113848345344,0.15316066861623,0,5,NA,0.000698807759961027
"259","MTD3564","Gracilaria verrucosa","respiration rate",0.877921885969934,3.50725786563689,28.4633863618073,145.317652434074,FALSE,0.881042347203953,1.83481612264124,350,6873.6554338743,315.04951,-6.35072483893491,FALSE,11.3278248837421,0.680985810527193,2,3,NA,0.00042784878094131
"260","MTD3565","Bostrychia binderi","respiration rate",0.436512935205791,0.318843801580217,9.64039487684911,12.67185853516,FALSE,2.61732543873101,541326.532506818,350,8793941.79789787,315.04734,-6.4332508539365,FALSE,10.3552322187192,0.793236765771991,1,4,NA,0.000262841258514343
"261","MTD3591","Fontinalis antipyretica","respiration rate",4.78747539653559,0.484066912836752,189.714627427243,20.3218832657501,FALSE,4.81789405857709,0.434174776019941,288.266648873641,3.02812459908788,288.15,-8.01634351800334,FALSE,-8.48336272438386,0.990098894284591,2,2,NA,0.000280351022707975
"262","MTD3613","Mougeotia","respiration rate",0.283225832495894,0.167290745348207,3.85206451136451,6.74122193298375,FALSE,3.77847144111695,58433602.4096939,350,1548276450.17495,308.15,-6.81054302580234,FALSE,10.0155593631061,0.759796106769494,0,6,NA,0.000429894601015968
"263","MTD3706","Laminaria saccharina","respiration rate",0.578408278039754,2.89233345116428,11.5069226465414,126.131518161188,FALSE,0.587122686609222,0.660015484055235,349.998943929822,4729.53876684575,303.15,-12.081541291314,FALSE,0.274299456522979,0.870058048401962,0,5,NA,3.03778619073217e-06
"264","MTD3707","Laminaria saccharina","respiration rate",0.114162638869911,8.21768600704232,-8.2040240590843,391.145489273841,FALSE,0.264120058475552,56.6165603750416,350,13156.2944240132,303.15,-12.752428960646,FALSE,2.24047354499824,0.543969164938397,0,5,NA,2.3213081270686e-06
"265","MTD3716","Zostera marina","respiration rate",0.304758821453991,859.494737475128,-2.93800055273707,254561.428920741,FALSE,0.00780102085543845,1741.5847236016,350,1846.02721022002,303.15,-10.3269006254934,FALSE,18.3751663264901,-0.229560435660985,1,4,NA,5.79999312754709e-06
"266","MTD3717","Zostera marina","respiration rate",0.829573796985149,0.995814409469066,21.5077285880003,41.0966349193939,FALSE,1.92181841393054,3.97774746151032,297.620232719939,6.78880678888328,298.15,-11.3954196917233,FALSE,17.0804047812187,0.525371479858779,2,3,NA,3.73750994416062e-06
"267","MTD3718","Zostera marina","respiration rate",0.868184641582324,1.55066834480321,24.178950760886,66.1875209856252,FALSE,0.869567478558913,1.03662298925755,342.24545508202,4456.83363177971,303.15,-11.7545675869973,FALSE,-5.5351198755874,0.948760899318915,0,5,NA,4.83150941723175e-06
"268","MTD3719","Zostera marina","respiration rate",1.18065160201711,87.9635717015359,36.9196821224417,3775.46320745326,FALSE,1.18072917955174,84.445863765124,350,401843.236005128,303.15,-11.8709554013119,FALSE,2.27760177585158,0.787135620637651,0,5,NA,4.2861425850858e-06
"269","MTD3720","Zostera marina","respiration rate",0.278289521476675,0.0607373949549411,0.666747833331788,2.4681091518896,FALSE,17.5123227814224,86664.7848756875,302.00403667186,3392.35248419501,298.15,-10.1614176133701,FALSE,-7.60827319953113,0.965267388690789,1,4,NA,2.1768605150272e-05
"270","MTD3721","Zostera marina","respiration rate",0.185002355255374,0.426652850611635,-3.42053046624624,17.6018773169102,FALSE,1.73852723947707,241221.422083568,350,8025534.4880609,303.15,-10.5002069089131,FALSE,7.33066544571429,0.653738195027349,0,5,NA,1.66974390511297e-05
"271","MTD3734","Kallymenia antarctica","respiration rate",1.54731671973738,0.754484361803433,53.4949374269645,31.9659009944067,FALSE,1.79310647827226,0.426063935451131,291.168686900279,4.70680284386628,293.15,-10.1537302066202,FALSE,6.16179624180072,0.83363802904497,1,4,NA,2.73782941019292e-05
"272","MTD3735","Kallymenia antarctica","respiration rate",1.50262399721697,0.440082507328244,51.7387987248695,18.6817853412192,FALSE,1.67271467081134,0.241757510936865,292.375084003826,4.19520252481913,293.15,-10.1698868243436,FALSE,-2.1504561120475,0.939979584742188,1,4,NA,2.68170820031726e-05
"273","MTD3736","Ballia callitricha","respiration rate",1.26577605933447,0.379906633518157,42.5864908787086,16.2241960730821,FALSE,1.26623881503556,0.159371707343043,335.428694523586,5344.4412048806,298.15,-9.1865483014998,FALSE,-7.13633913623152,0.991519416361699,0,5,NA,5.09553804499133e-05
"274","MTD3737","Ballia callitricha","respiration rate",1.0303658737122,0.106019147498553,31.8761586986375,4.45721527618079,FALSE,1.88714172466461,0.29087884330611,292.752713481003,0.65589217250744,293.15,-9.745118004656,FALSE,-9.89366749680281,0.993140699667575,1,4,NA,2.95368797009656e-05
"275","MTD3738","Gymnogongrus antarcticus","respiration rate",1.34465649642961,0.248807648816523,45.8165648084049,10.6140742743779,FALSE,1.34605296977864,0.116595322920758,323.282833342938,860.366143189527,298.15,-9.36097063705122,FALSE,-12.2207271437628,0.992705697424618,0,5,NA,4.63009219232067e-05
"276","MTD3739","Gymnogongrus antarcticus","respiration rate",1.10252707477871,0.0756409924464183,34.7068605063845,3.17156085441275,FALSE,2.10189591784453,0.249661704521085,292.780977803064,0.45897611268711,293.15,-9.72366228985671,FALSE,-12.2399152855467,0.998334836232784,1,4,NA,2.67858349225397e-05
"277","MTD3740","Gymnogongrus antarcticus","respiration rate",5.96930947801466,3.06318697218847,245.64993701453,126.6951374804,FALSE,24.6929167192059,11.1890126094332,290.865997577966,2.56478732407729,288.15,5.32531979789582,FALSE,39.8636059984664,-133.899209394642,1,4,NA,2.94933979393999
"278","MTD3741","Phyllophora ahnfeltioides","respiration rate",1.50304218912237,3.73795770922093,52.260890684565,160.745067337329,FALSE,1.5031163798162,4.38947503170919,334.600713678725,64523.4813649887,298.15,-9.79553267037961,FALSE,5.30303820777745,0.922864503321823,0,5,NA,3.495510932355e-05
"279","MTD3742","Phyllophora ahnfeltioides","respiration rate",1.34370907730844,1.06269918376105,44.6699536201869,45.874737479464,FALSE,1.34376158447227,3.0858702661601,349.484833913019,333730.147569688,298.15,-10.1645156478805,FALSE,8.69506656846633,0.952650555033558,0,5,NA,1.7778854109439e-05
"280","MTD3743","Phyllophora ahnfeltioides","respiration rate",0.81297214566809,1.90820756652205,21.5491165388823,84.3913738305173,FALSE,0.570837950098539,39.8080555598443,350,151.823321182392,298.15,-9.94982496264719,FALSE,5.88955367416723,0.868095957642406,0,5,NA,8.13101618983615e-06
"281","MTD3746","Caulerpa prolifera","respiration rate",1.5811548451955,0.741076250853784,53.4982099335658,30.4184314593209,FALSE,1.58156654553812,0.369694880082493,338.210850031299,8488.58666178829,308.15,-9.03923802329202,FALSE,1.83032173428695,0.975687793914644,1,4,NA,1.14313210987297e-05
"282","MTD3747","Caulerpa prolifera","respiration rate",0.67412238276604,0.217157371434435,17.1919381718123,8.67237557185351,FALSE,23.3888483820762,6807126.12792689,307.437891573212,102382.783389655,308.15,-8.39225147563279,FALSE,7.26378961578377,0.987237441802917,0,5,NA,2.96068503169778e-05
"283","MTD3748","Caulerpa prolifera","respiration rate",0.260347374688902,0.112504064246581,0.79342592963084,4.49295135553075,FALSE,4.02974714977372,8594457.92352696,350,943339416.72213,308.15,-9.00787593104262,FALSE,-0.627805166242286,0.916069330657633,0,5,NA,5.15346255890296e-05
"284","MTD3749","Caulerpa prolifera","respiration rate",0.473347260423783,0.659324399137893,8.9444358116101,26.9123696872277,FALSE,1.42363851376461,44.7033341827517,318.002132988086,487.281780333086,308.15,-8.96612491546768,FALSE,8.53585503256436,0.92323676352274,0,5,NA,2.89514410543793e-05
"285","MTD3754","Ceratophyllum demersum","respiration rate",0.726239195568193,8.9323462103705,11.0742342917293,393.313132850436,FALSE,0.495161770055907,86.1483745827596,350,1294.64446558385,303.15,-16.4314324731976,FALSE,20.8345054553514,-4.44254835581413,1,4,NA,8.25024335348469e-09
"286","MTD3755","Ceratophyllum demersum","respiration rate",1.48320088641669,0.979829851363749,42.1042406717894,41.0201298113676,FALSE,1.48330956891073,0.68604173680476,343.452205887537,31547.3732029749,303.15,-17.5709125222715,FALSE,2.05439568180529,0.971294916410982,0,5,NA,5.9536887467819e-09
"287","MTD3930","Asparagopsis taxiformis","respiration rate",0.325604373482269,0.600255145598993,4.3464069929533,24.0369030898493,FALSE,3.7225517283803,16639754.1034106,350,973298299.042054,308.15,-7.91162616942453,FALSE,18.5760164709803,0.405497268434556,0,5,NA,0.000124162715406501
"288","MTD3931","Asparagopsis taxiformis","respiration rate",0.281070601197379,310.407145329241,-2.55663324472159,206558.742658969,FALSE,0.00319283174538125,623.118254581877,350,306.307673349797,308.15,-7.31000328083751,FALSE,3.99930919273691,0.991054636797943,0,5,NA,5.74254916730241e-05
"289","MTD3932","Asparagopsis taxiformis","respiration rate",0.337571008410195,719.563537887608,-0.60061551902815,596980.945378157,FALSE,0.00252743499268702,1443.15014216323,350,341.666158451953,308.15,-7.75065046918763,FALSE,13.808400618961,0.585003965425605,0,5,NA,4.43262423638278e-05
"290","MTD3933","Asparagopsis taxiformis","respiration rate",0.214801335331588,0.39125300207336,-0.25008796624645,15.6250410598259,FALSE,3.81006389354398,45902682.1622865,350,2744554797.2257,308.15,-8.33671734183978,FALSE,14.3285770084915,0.420253599665866,0,5,NA,0.000117308252239087
"291","MTD3939","Scenedesmus acutus","respiration rate",2.52533731098014,0.100982077786103,99.8882310324807,4.33908966613189,FALSE,2.52537732040778,0.193105340817106,320.768547456418,21772.429994325,310.65,-2.49625206332566,FALSE,22.6914729611861,0.95128811209018,2,11,NA,0.0208737239253458
"292","MTD3940","Scenedesmus acutus","respiration rate",1.6013381618109,0.123306468319262,59.9285570909103,5.14879526887306,FALSE,1.60149517864259,0.089691385957986,340.594117658616,4184.55916096089,310.65,-3.86253800126712,FALSE,-15.5348625067279,0.973356569257133,2,11,NA,0.00294487415583447
"293","MTD3941","Scenedesmus acutus","respiration rate",0.977915111055525,0.0878797512546987,33.5976614431857,3.62324969885469,FALSE,1.66742874644094,0.539852284348785,306.787651864214,2.53935263869626,308.15,-4.27370751524207,FALSE,-4.29300861059653,0.981981148939499,1,12,NA,0.00154030248792967
"294","MTD3942","Microcystis aeruginosa","respiration rate",0.371036392930902,0.0272894578082347,11.9487058398892,1.10155816261279,FALSE,4.19717022179515,5771584.57494925,350,423267028.098848,309.65,-1.95204180332524,FALSE,-13.9642230637013,0.969276907840527,0,12,NA,0.0386575818408847
"295","MTD3943","Microcystis aeruginosa","respiration rate",1.44065584579522,0.119026195734151,52.9966877181719,4.95579075760407,FALSE,1.44097461466342,0.200543615143477,350,6570.7816358493,309.65,-3.27519586755221,FALSE,-10.1337948210251,0.988714218906178,0,12,NA,0.00227892687112182
"296","MTD4006","Anabaena variabilis","respiration rate",0.6426987838085,0.0605150913197497,25.0770066258341,2.54592696263045,FALSE,0.687039072476663,0.154732478031284,350,75.3394467262468,313.15,0.57746521708307,FALSE,-36.2366010875131,0.999827271807984,0,6,NA,0.26717253383301
"297","MTD4008","Fucus gardneri","respiration rate",0.13919521615103,0.0358502222789338,-3.193281884771,1.45935501665531,FALSE,3.01228660465209,2022499.05544426,350,179905399.778301,295.1,-8.66530388060213,FALSE,-18.8527622441984,0.814638090658315,0,8,NA,0.000136902182061488
"298","MTD4030","Lomentaria baileyana","respiration rate",0.651269396717601,0.0662447808946796,9.89422609574936,2.7690238038555,FALSE,1.1004181057678,0.297787026055148,310.572871848201,3.47682095226865,308.138,-15.3418829040983,FALSE,-14.3454411637827,0.995618968903947,1,7,NA,4.97817399624999e-08
"299","MTD4031","Lomentaria orcadensis","respiration rate",0.58548775642259,0.0709251678851698,6.82920584953804,2.91454419562575,FALSE,1.73073887857606,0.917986186555045,307.868058044761,1.64097177805033,308.286,-15.6466544870985,FALSE,-3.08957746161305,0.953508401550537,1,7,NA,3.5260168566002e-08
"300","MTD4070","Potamogeton pectinatus","respiration rate",0.0353843526698021,0.927358207434988,-9.81587729846005,37.3467159864482,TRUE,3.5435674735263,51923268.4601433,350,7783634803.53009,308.15,-11.1479926015375,TRUE,15.2704388077013,-0.00547205098010939,0,4,NA,1.28058521785239e-05
"301","MTD4072","Posidonia sinuosa","respiration rate",NA,NA,NA,NA,NA,NA,NA,NA,NA,NA,NA,NA,NA,NA,1,0,NA,NA
"302","MTD4073","Posidonia australis","respiration rate",NA,NA,NA,NA,NA,NA,NA,NA,NA,NA,NA,NA,NA,NA,1,0,NA,NA
"303","MTD4074","Amphibolis anatarctica","respiration rate",NA,NA,NA,NA,NA,NA,NA,NA,NA,NA,NA,NA,NA,NA,1,0,NA,NA
"304","MTD4075","Amphibolis griffithii","respiration rate",NA,NA,NA,NA,NA,NA,NA,NA,NA,NA,NA,NA,NA,NA,1,0,NA,NA
"305","MTD4076","Posidonia sinuosa","respiration rate",NA,NA,NA,NA,NA,NA,NA,NA,NA,NA,NA,NA,NA,NA,1,0,NA,NA
"306","MTD4092","Cymodocea nodosa","respiration rate",NA,NA,NA,NA,NA,NA,NA,NA,NA,NA,NA,NA,NA,NA,3,0,NA,NA
"307","MTD4093","Cymodocea nodosa","respiration rate",NA,NA,NA,NA,NA,NA,NA,NA,NA,NA,NA,NA,NA,NA,3,0,NA,NA
"308","MTD4147","Cymodocea nodosa","respiration rate",0.688106871429036,0.306759666470873,17.3037664978426,12.2556035348012,FALSE,3.71536382438629,60589733.5344913,350,1072609191.31092,307.817,-8.62942863472479,FALSE,11.4482595216133,0.948581040030182,0,5,NA,1.86692190497223e-05
"309","MTD4148","Cymodocea nodosa","respiration rate",1.50447633418027,2.17443287812498,50.99253118275,89.395282202902,FALSE,1.50458842119906,1.46628061420829,350,75005.051182354,308.044,-8.44255142474149,FALSE,11.2635867726019,0.800634129454578,1,4,NA,2.15381505807649e-05
"310","MTD4149","Cymodocea nodosa","respiration rate",0.0178261414462753,0.211523233702444,-7.68553679702303,8.52642509998939,FALSE,3.14143350021097,20238706.4516314,350,1102378987.54431,307.819,-8.35735947813273,FALSE,0.475413776411628,0.0540108790711779,0,4,NA,0.000221322206024434
"311","MTD4150","Cymodocea nodosa","respiration rate",1.41453199129364,12.7425541174352,48.040442225256,528.850150969146,FALSE,1.41462332787016,11.7497900357886,350,86549.5890914164,308.157,-8.52918744975695,FALSE,3.27286019610447,0.872609232640651,0,4,NA,3.98519872135256e-05
"312","MTD4217","Halophila johnsonii","respiration rate",NA,NA,NA,NA,NA,NA,NA,NA,NA,NA,NA,NA,NA,NA,0,2,NA,NA
"313","MTD4218","Halophila johnsonii","respiration rate",NA,NA,NA,NA,NA,NA,NA,NA,NA,NA,NA,NA,NA,NA,0,2,NA,NA
"314","MTD4219","Spirulina platensis","respiration rate",0.569614628105486,0.198915157530885,4.06494136134967,7.90309601086084,FALSE,1.24958217857921,5.73887179525891,329.439660101761,92.3452600525447,317.815,-16.8821056980518,FALSE,-10.43942438913,0.99448451604757,0,5,NA,4.26276638643684e-09
